,AMAT,LRCX
2013-01-02,9.846460342407227,3.2858314514160156
2013-01-03,9.821512222290039,3.222202777862549
2013-01-04,9.821512222290039,3.2298381328582764
2013-01-07,9.705083847045898,3.18741774559021
2013-01-08,9.572022438049316,3.1373629570007324
2013-01-09,9.713400840759277,3.1636626720428467
2013-01-10,9.680139541625977,3.211172103881836
2013-01-11,9.738348960876465,3.261228084564209
2013-01-14,9.771615982055664,3.2425644397735596
2013-01-15,9.788247108459473,3.230686664581299
2013-01-16,9.921305656433105,3.2510476112365723
2013-01-17,10.312171936035156,3.3995168209075928
2013-01-18,10.520078659057617,3.4037587642669678
2013-01-22,10.56997299194336,3.4003639221191406
2013-01-23,10.561656951904297,3.402061700820923
2013-01-24,10.478496551513672,3.3528542518615723
2013-01-25,10.669772148132324,3.549682378768921
2013-01-28,10.777884483337402,3.5411980152130127
2013-01-29,10.644819259643555,3.5403494834899902
2013-01-30,10.694719314575195,3.5327155590057373
2013-01-31,10.736300468444824,3.490295171737671
2013-02-01,10.952527046203613,3.539501905441284
2013-02-04,10.81114673614502,3.559863567352295
2013-02-05,11.160429954528809,3.613312005996704
2013-02-06,11.143796920776367,3.6116151809692383
2013-02-07,11.06063461303711,3.596343994140625
2013-02-08,11.318442344665527,3.61500883102417
2013-02-11,11.360023498535156,3.623493194580078
2013-02-12,11.360023498535156,3.6345224380493164
2013-02-13,11.451501846313477,3.642158031463623
2013-02-14,11.551298141479492,3.6396117210388184
2013-02-15,11.50107192993164,3.605675458908081
2013-02-19,11.626631736755371,3.6260387897491455
2013-02-20,11.375516891479492,3.559863567352295
2013-02-21,11.09091567993164,3.4707818031311035
2013-02-22,11.35877513885498,3.5658018589019775
2013-02-25,11.074177742004395,3.4665400981903076
2013-02-26,11.408994674682617,3.5335633754730225
2013-02-27,11.50107192993164,3.605675458908081
2013-02-28,11.475961685180664,3.588707685470581
2013-03-01,11.375516891479492,3.62094783782959
2013-03-04,11.35877513885498,3.613312005996704
2013-03-05,11.50107192993164,3.658277750015259
2013-03-06,11.44247817993164,3.657428503036499
2013-03-07,11.34203052520752,3.63112735748291
2013-03-08,11.333662033081055,3.6379148960113525
2013-03-11,11.316920280456543,3.598041296005249
2013-03-12,11.216473579406738,3.5904061794281006
2013-03-13,11.408994674682617,3.5768306255340576
2013-03-14,11.450850486755371,3.598888874053955
2013-03-15,11.141142845153809,3.5344109535217285
2013-03-18,10.92350959777832,3.4877495765686035
2013-03-19,10.848173141479492,3.471630811691284
2013-03-20,11.032322883605957,3.4919917583465576
2013-03-21,10.848173141479492,3.4470272064208984
2013-03-22,11.099287986755371,3.4410884380340576
2013-03-25,11.149506568908691,3.4724786281585693
2013-03-26,11.216473579406738,3.4919917583465576
2013-03-27,11.224843978881836,3.469085931777954
2013-03-28,11.283438682556152,3.5174434185028076
2013-04-01,11.182995796203613,3.46144962310791
2013-04-02,11.082547187805176,3.4521169662475586
2013-04-03,11.007210731506348,3.4334521293640137
2013-04-04,11.065805435180664,3.4979312419891357
2013-04-05,11.049066543579102,3.458904504776001
2013-04-08,11.199737548828125,3.499627113342285
2013-04-09,11.132770538330078,3.4919917583465576
2013-04-10,11.559669494628906,3.5691962242126465
2013-04-11,11.551298141479492,3.63112735748291
2013-04-12,11.408994674682617,3.547137498855591
2013-04-15,11.141142845153809,3.429210662841797
2013-04-16,11.266698837280273,3.5191397666931152
2013-04-17,10.92350959777832,3.5208373069763184
2013-04-18,10.814693450927734,3.502171754837036
2013-04-19,10.823060035705566,3.5318667888641357
2013-04-22,10.94861888885498,3.550530195236206
2013-04-23,11.24158763885498,3.607372283935547
2013-04-24,11.408994674682617,3.650641679763794
2013-04-25,11.844261169433594,3.8703765869140625
2013-04-26,11.835893630981445,3.874617099761963
2013-04-29,12.053525924682617,3.866981267929077
2013-04-30,12.145605087280273,3.9212796688079834
2013-05-01,12.112117767333984,3.868680238723755
2013-05-02,12.379976272583008,3.8729217052459717
2013-05-03,12.413460731506348,3.903463840484619
2013-05-06,12.396719932556152,3.9263689517974854
2013-05-07,12.321381568908691,3.906855583190918
2013-05-08,12.43019962310791,3.9713351726531982
2013-05-09,12.488794326782227,4.0069684982299805
2013-05-10,12.530643463134766,3.980666399002075
2013-05-13,12.296268463134766,3.9815144538879395
2013-05-14,12.379976272583008,4.031570911407471
2013-05-15,12.388347625732422,4.087564468383789
2013-05-16,12.271158218383789,4.033267498016357
2013-05-17,12.52227783203125,4.075686454772949
2013-05-20,12.48042106628418,4.067203044891357
2013-05-21,12.362444877624512,4.065506458282471
2013-05-22,12.252893447875977,3.983213424682617
2013-05-23,12.30345630645752,3.9713351726531982
2013-05-24,12.219182968139648,3.954366683959961
2013-05-28,12.530983924865723,4.031570911407471
2013-05-29,12.471996307373047,3.96624493598938
2013-05-30,12.851212501525879,4.046840667724609
2013-05-31,12.809076309204102,3.96878981590271
2013-06-03,13.002899169921875,4.093503952026367
2013-06-04,13.095593452453613,4.070594787597656
2013-06-05,12.766939163208008,4.011209964752197
2013-06-06,12.598396301269531,4.018845081329346
2013-06-07,13.053462028503418,4.106229305267334
2013-06-10,13.028178215026855,4.117258548736572
2013-06-11,12.80064868927002,3.975576877593994
2013-06-12,12.851212501525879,3.9348559379577637
2013-06-13,13.146153450012207,4.026480674743652
2013-06-14,12.986042022705078,3.9942407608032227
2013-06-17,13.297843933105469,4.0103607177734375
2013-06-18,13.457954406738281,4.045146942138672
2013-06-19,13.230425834655762,3.99678635597229
2013-06-20,12.699522972106934,3.801656484603882
2013-06-21,12.707948684692383,3.817775011062622
2013-06-24,12.62368106842041,3.6913654804229736
2013-06-25,12.86806583404541,3.8321986198425293
2013-06-26,12.615252494812012,3.787233829498291
2013-06-27,12.564690589904785,3.8042006492614746
2013-06-28,12.5731201171875,3.761782169342041
2013-07-01,12.488846778869629,3.7507522106170654
2013-07-02,12.488846778869629,3.794019937515259
2013-07-03,12.64053726196289,3.8389854431152344
2013-07-05,12.825929641723633,3.9009175300598145
2013-07-08,12.758514404296875,3.8729217052459717
2013-07-09,13.196718215942383,4.029874801635742
2013-07-10,13.73604965209961,4.201249599456787
2013-07-11,13.896160125732422,4.240274906158447
2013-07-12,14.03941822052002,4.278453350067139
2013-07-15,13.879303932189941,4.2088847160339355
2013-07-16,13.972006797790527,4.200399875640869
2013-07-17,14.064705848693848,4.238577365875244
2013-07-18,13.955156326293945,4.233488082885742
2013-07-19,13.955156326293945,4.292028427124023
2013-07-22,13.778179168701172,4.236883163452148
2013-07-23,13.702339172363281,4.246214389801025
2013-07-24,13.567508697509766,4.160525321960449
2013-07-25,13.592787742614746,4.170708179473877
2013-07-26,13.592787742614746,4.197006702423096
2013-07-29,13.500090599060059,4.135923385620117
2013-07-30,13.71076774597168,4.215672492980957
2013-07-31,13.752901077270508,4.1757988929748535
2013-08-01,13.896160125732422,4.317481517791748
2013-08-02,13.752901077270508,4.2530012130737305
2013-08-05,13.567508697509766,4.203795433044434
2013-08-06,13.618070602416992,4.144406795501709
2013-08-07,13.390541076660156,4.115561485290527
2013-08-08,13.1882905960083,4.113863468170166
2013-08-09,13.205142974853516,4.046840667724609
2013-08-12,13.1882905960083,4.070594787597656
2013-08-13,13.255707740783691,4.113863468170166
2013-08-14,13.255707740783691,4.091808795928955
2013-08-15,12.910202026367188,4.004422664642334
2013-08-16,13.163013458251953,4.058720111846924
2013-08-19,13.104022026062012,4.059566974639893
2013-08-20,13.197318077087402,4.093503952026367
2013-08-21,13.188838005065918,4.0442962646484375
2013-08-22,13.282132148742676,4.085867404937744
2013-08-23,13.248209953308105,4.094350814819336
2013-08-26,13.104022026062012,4.062962532043457
2013-08-27,12.781719207763672,3.9357025623321533
2013-08-28,12.688426971435547,3.936551094055176
2013-08-29,12.841093063354492,4.006118297576904
2013-08-30,12.730831146240234,3.9594576358795166
2013-09-03,12.815648078918457,3.974726915359497
2013-09-04,13.248209953308105,4.197006702423096
2013-09-05,13.299095153808594,4.203795433044434
2013-09-06,13.154912948608398,4.170708179473877
2013-09-09,13.222762107849121,4.181736946105957
2013-09-10,13.55354118347168,4.259788513183594
2013-09-11,13.511134147644043,4.259788513183594
2013-09-12,13.511134147644043,4.27590799331665
2013-09-13,13.494173049926758,4.229245662689209
2013-09-16,13.528099060058594,4.259788513183594
2013-09-17,13.485692977905273,4.236034870147705
2013-09-18,13.748620986938477,4.260636806488037
2013-09-19,13.646839141845703,4.227550029754639
2013-09-20,13.511134147644043,4.182586193084717
2013-09-23,13.562026977539062,4.192766189575195
2013-09-24,14.800336837768555,4.326812267303467
2013-09-25,15.131115913391113,4.410802841186523
2013-09-26,15.071742057800293,4.379412651062012
2013-09-27,14.927556991577148,4.338689804077148
2013-09-30,14.868186950683594,4.343779563903809
2013-10-01,14.817294120788574,4.377715587615967
2013-10-02,14.851225852966309,4.358204364776611
2013-10-03,14.698553085327148,4.343779563903809
2013-10-04,14.90211296081543,4.4116530418396
2013-10-07,15.071742057800293,4.39044189453125
2013-10-08,14.851225852966309,4.304754257202148
2013-10-09,14.707037925720215,4.290330410003662
2013-10-10,15.173519134521484,4.4727349281311035
2013-10-11,15.266818046569824,4.482068061828613
2013-10-14,15.351632118225098,4.521942138671875
2013-10-15,15.114152908325195,4.464251518249512
2013-10-16,15.23289966583252,4.542304515838623
2013-10-17,15.343157768249512,4.540607929229736
2013-10-18,15.309232711791992,4.568604469299316
2013-10-21,15.15656566619873,4.570300579071045
2013-10-22,15.326191902160645,4.587267875671387
2013-10-23,14.757923126220703,4.429467678070068
2013-10-24,15.114152908325195,4.496492385864258
2013-10-25,15.012374877929688,4.646655082702637
2013-10-28,15.037817001342773,4.588118076324463
2013-10-29,15.27530574798584,4.661078929901123
2013-10-30,15.165038108825684,4.610175132751465
2013-10-31,15.148082733154297,4.604236602783203
2013-11-01,15.012374877929688,4.5490899085998535
2013-11-04,15.054778099060059,4.560967922210693
2013-11-05,15.071742057800293,4.59405517578125
2013-11-06,15.198968887329102,4.588118076324463
2013-11-07,14.72399616241455,4.419286251068115
2013-11-08,15.054778099060059,4.483765125274658
2013-11-11,15.097182273864746,4.4727349281311035
2013-11-12,14.961484909057617,4.443042278289795
2013-11-13,14.986927032470703,4.44134521484375
2013-11-14,14.893630027770996,4.437952041625977
2013-11-15,14.85970687866211,4.463402271270752
2013-11-18,14.367773056030273,4.37092924118042
2013-11-19,14.350713729858398,4.260636806488037
2013-11-20,14.359243392944336,4.220762252807617
2013-11-21,14.734646797180176,4.314085483551025
2013-11-22,14.71757984161377,4.376018524169922
2013-11-25,14.734646797180176,4.402318954467773
2013-11-26,14.947945594787598,4.455768585205078
2013-11-27,14.80290412902832,4.429467678070068
2013-11-29,14.760246276855469,4.420982837677002
2013-12-02,14.598134994506836,4.368383407592773
2013-12-03,14.606675148010254,4.4778265953063965
2013-12-04,14.171537399291992,4.3480224609375
2013-12-05,14.077689170837402,4.314085483551025
2013-12-06,14.359243392944336,4.340386390686035
2013-12-09,14.359243392944336,4.382806301116943
2013-12-10,14.359243392944336,4.376867771148682
2013-12-11,14.359243392944336,4.3480224609375
2013-12-12,14.265390396118164,4.310691833496094
2013-12-13,14.248330116271973,4.332752227783203
2013-12-16,14.214200019836426,4.347173690795898
2013-12-17,14.333650588989258,4.42692232131958
2013-12-18,14.529878616333008,4.504974365234375
2013-12-19,14.401899337768555,4.498187065124512
2013-12-20,14.66639232635498,4.572846412658691
2013-12-23,14.939417839050293,4.615266799926758
2013-12-24,14.837028503417969,4.615266799926758
2013-12-26,14.879691123962402,4.60847806930542
2013-12-27,14.871160507202148,4.5966033935546875
2013-12-30,14.922348022460938,4.618659973144531
2013-12-31,15.084456443786621,4.619507789611816
2014-01-02,14.973542213439941,4.577088356018066
2014-01-03,14.939417839050293,4.576238632202148
2014-01-06,14.751714706420898,4.517701625823975
2014-01-07,14.819967269897461,4.573694705963135
2014-01-08,14.862627029418945,4.5966033935546875
2014-01-09,14.845562934875488,4.598299026489258
2014-01-10,14.905280113220215,4.655989646911621
2014-01-13,14.77730655670166,4.630537033081055
2014-01-14,15.04179573059082,4.741676330566406
2014-01-15,15.29775619506836,4.746766090393066
2014-01-16,15.04179573059082,4.657686233520508
2014-01-17,14.973542213439941,4.60084342956543
2014-01-21,15.024735450744629,4.619507789611816
2014-01-22,15.067392349243164,4.698408126831055
2014-01-23,14.95648193359375,4.58472204208374
2014-01-24,14.64932632446289,4.349719524383545
2014-01-27,14.265390396118164,4.323417663574219
2014-01-28,14.290987014770508,4.345477104187012
2014-01-29,14.273923873901367,4.3480224609375
2014-01-30,14.316579818725586,4.348870277404785
2014-01-31,14.350713729858398,4.29372501373291
2014-02-03,14.299519538879395,4.121501445770264
2014-02-04,14.316579818725586,4.196158409118652
2014-02-05,14.410438537597656,4.237730979919434
2014-02-06,14.546944618225098,4.331056118011475
2014-02-07,14.657855987548828,4.398923397064209
2014-02-10,14.71757984161377,4.377715587615967
2014-02-11,15.169774055480957,4.465949058532715
2014-02-12,15.280691146850586,4.4684953689575195
2014-02-13,16.099756240844727,4.404015064239502
2014-02-14,16.262731552124023,4.452374458312988
2014-02-18,16.168371200561523,4.391290664672852
2014-02-19,16.08260726928711,4.410802841186523
2014-02-20,16.288463592529297,4.44134521484375
2014-02-21,16.382814407348633,4.434558868408203
2014-02-24,16.357074737548828,4.464251518249512
2014-02-25,16.314191818237305,4.459161758422852
2014-02-26,16.382814407348633,4.46510124206543
2014-02-27,16.30561065673828,4.397227764129639
2014-02-28,16.262731552124023,4.388744354248047
2014-03-03,16.048290252685547,4.336991310119629
2014-03-04,16.159793853759766,4.323417663574219
2014-03-05,16.442853927612305,4.414196968078613
2014-03-06,16.622970581054688,4.526185989379883
2014-03-07,16.845983505249023,4.526185989379883
2014-03-10,16.622970581054688,4.503278732299805
2014-03-11,16.408544540405273,4.491400718688965
2014-03-12,16.734481811523438,4.551636219024658
2014-03-13,16.194103240966797,4.490553855895996
2014-03-14,16.056867599487305,4.462553977966309
2014-03-17,16.27988624572754,4.519397735595703
2014-03-18,16.614404678344727,4.651745319366455
2014-03-19,16.70017433166504,4.622900485992432
2014-03-20,17.3177433013916,4.787492275238037
2014-03-21,17.30059242248535,4.782400131225586
2014-03-24,17.24054718017578,4.784945487976074
2014-03-25,17.46355438232422,4.801064968109131
2014-03-26,17.034690856933594,4.678894996643066
2014-03-27,16.88887596130371,4.620357513427734
2014-03-28,17.309171676635742,4.622900485992432
2014-03-31,17.515029907226562,4.666170120239258
2014-04-01,17.686569213867188,4.718769550323486
2014-04-02,17.83238983154297,4.833304405212402
2014-04-03,17.875274658203125,4.893539905548096
2014-04-04,17.369211196899414,4.751008987426758
2014-04-07,17.180509567260742,4.651745319366455
2014-04-08,17.02611541748047,4.624597072601318
2014-04-09,17.146196365356445,4.751008987426758
2014-04-10,16.37423324584961,4.5024309158325195
2014-04-11,16.399961471557617,4.46510124206543
2014-04-14,16.314191818237305,4.465949058532715
2014-04-15,16.176958084106445,4.443042278289795
2014-04-16,16.228418350219727,4.420982837677002
2014-04-17,16.288463592529297,4.474432945251465
2014-04-21,16.417118072509766,4.476977825164795
2014-04-22,16.605817794799805,4.500733375549316
2014-04-23,16.511472702026367,4.432860851287842
2014-04-24,16.614404678344727,4.942747592926025
2014-04-25,15.971092224121094,4.782400131225586
2014-04-28,16.013988494873047,4.7951250076293945
2014-04-29,16.357074737548828,4.7739152908325195
2014-04-30,16.348495483398438,4.887601375579834
2014-05-01,16.194103240966797,4.852818489074707
2014-05-02,16.262731552124023,4.879965782165527
2014-05-05,16.271303176879883,4.853664398193359
2014-05-06,16.176958084106445,4.810396194458008
2014-05-07,16.288463592529297,4.823971271514893
2014-05-08,16.571508407592773,4.829061985015869
2014-05-09,16.562936782836914,4.8511199951171875
2014-05-12,16.70017433166504,4.941896915435791
2014-05-13,16.391389846801758,4.856210231781006
2014-05-14,16.254150390625,4.77900505065918
2014-05-15,16.031143188476562,4.739132404327393
2014-05-16,17.334897994995117,4.964805603027344
2014-05-19,17.257699966430664,5.001284122467041
2014-05-20,17.1284122467041,4.991952896118164
2014-05-21,17.240463256835938,5.043706893920898
2014-05-22,17.1456356048584,5.022496223449707
2014-05-23,17.274944305419922,5.142117500305176
2014-05-27,17.740434646606445,5.243927955627441
2014-05-28,17.705957412719727,5.238836288452148
2014-05-29,17.48183822631836,5.24138069152832
2014-05-30,17.40424919128418,5.263439655303955
2014-06-02,17.6887149810791,5.286346435546875
2014-06-03,18.464536666870117,5.484870433807373
2014-06-04,18.585224151611328,5.477236270904541
2014-06-05,18.774864196777344,5.516260147094727
2014-06-06,18.809345245361328,5.5145649909973145
2014-06-09,18.886930465698242,5.533280849456787
2014-06-10,18.86968994140625,5.547744274139404
2014-06-11,18.86968994140625,5.566460609436035
2014-06-12,18.749000549316406,5.5741167068481445
2014-06-13,19.28345489501953,5.589431285858154
2014-06-16,19.266220092773438,5.656640529632568
2014-06-17,19.386903762817383,5.6694016456604
2014-06-18,19.28345489501953,5.66089391708374
2014-06-19,19.361042022705078,5.622609615325928
2014-06-20,19.61102867126465,5.641326904296875
2014-06-23,19.740324020385742,5.74852180480957
2014-06-24,19.6024112701416,5.654938220977783
2014-06-25,19.47310447692871,5.664294719696045
2014-06-26,19.32655906677246,5.65748929977417
2014-06-27,19.309324264526367,5.695774555206299
2014-06-30,19.43862533569336,5.749370574951172
2014-07-01,19.533443450927734,5.837848663330078
2014-07-02,19.6455135345459,5.844655513763428
2014-07-03,19.662750244140625,5.871027946472168
2014-07-07,19.79204750061035,5.8369975090026855
2014-07-08,19.6024112701416,5.927176475524902
2014-07-09,20.059274673461914,6.08456563949585
2014-07-10,19.714468002319336,6.0479841232299805
2014-07-11,19.69722557067871,6.085417747497559
2014-07-14,19.878257751464844,6.0939249992370605
2014-07-15,19.73171043395996,6.0530900955200195
2014-07-16,19.69722557067871,6.0530900955200195
2014-07-17,19.628271102905273,6.016507148742676
2014-07-18,19.8265323638916,6.099029541015625
2014-07-21,19.74894905090332,6.121150016784668
2014-07-22,19.412765502929688,6.089672088623047
2014-07-23,18.8783016204834,6.0122528076171875
2014-07-24,18.757631301879883,5.946743965148926
2014-07-25,18.30075454711914,5.913564205169678
2014-07-28,18.412822723388672,5.881239414215088
2014-07-29,18.26626968383789,5.85316276550293
2014-07-30,18.34385871887207,5.7757439613342285
2014-07-31,18.06800079345703,5.955252647399902
2014-08-01,18.180068969726562,5.95440149307251
2014-08-04,18.214555740356445,5.940788745880127
2014-08-05,17.964561462402344,5.898253440856934
2014-08-06,18.231788635253906,5.931431770324707
2014-08-07,17.835256576538086,5.758729457855225
2014-08-08,17.9559383392334,5.813178539276123
2014-08-11,18.180068969726562,5.884640216827393
2014-08-12,18.024898529052734,5.829342365264893
2014-08-13,18.07662582397461,5.854015350341797
2014-08-14,18.231788635253906,5.837848663330078
2014-08-15,19.37828826904297,5.925477981567383
2014-08-18,19.050708770751953,6.0122528076171875
2014-08-19,19.094009399414062,6.04968786239624
2014-08-20,18.964113235473633,6.0939249992370605
2014-08-21,19.223901748657227,6.125402927398682
2014-08-22,19.197921752929688,6.083715915679932
2014-08-25,19.154624938964844,6.106686592102051
2014-08-26,19.2498836517334,6.039477348327637
2014-08-27,19.59625244140625,6.063300609588623
2014-08-28,19.74346351623535,6.11434268951416
2014-08-29,20.011905670166016,6.117747783660889
2014-09-02,19.856040954589844,6.088820934295654
2014-09-03,19.830055236816406,6.116897106170654
2014-09-04,19.51832389831543,6.07946252822876
2014-09-05,19.70882797241211,6.1228508949279785
2014-09-08,19.63089942932129,6.1373491287231445
2014-09-09,19.44904899597168,6.124556541442871
2014-09-10,19.371109008789062,6.1390557289123535
2014-09-11,19.856040954589844,6.193639755249023
2014-09-12,19.31049156188965,6.110910892486572
2014-09-15,19.094009399414062,6.151849269866943
2014-09-16,19.371109008789062,6.319013595581055
2014-09-17,19.440387725830078,6.430742263793945
2014-09-18,19.57027816772461,6.547586917877197
2014-09-19,19.526979446411133,6.4776506423950195
2014-09-22,18.998756408691406,6.392361640930176
2014-09-23,18.73031234741211,6.345452308654785
2014-09-24,19.016075134277344,6.443535327911377
2014-09-25,18.626399993896484,6.3693342208862305
2014-09-26,18.8255672454834,6.414536476135254
2014-09-29,18.834228515625,6.416243553161621
2014-09-30,18.713001251220703,6.371040344238281
2014-10-01,18.150127410888672,6.197052001953125
2014-10-02,17.777782440185547,6.165494918823242
2014-10-03,17.959627151489258,6.2038750648498535
2014-10-06,17.838394165039062,6.382981300354004
2014-10-07,17.63922882080078,6.239697456359863
2014-10-08,18.31465721130371,6.346304893493652
2014-10-09,18.07219696044922,6.188522815704346
2014-10-10,17.17161750793457,5.6213555335998535
2014-10-13,16.383609771728516,5.632443428039551
2014-10-14,16.747310638427734,5.776580333709717
2014-10-15,16.82524299621582,5.9650678634643555
2014-10-16,17.206262588500977,5.943746089935303
2014-10-17,17.214914321899414,5.901101112365723
2014-10-20,17.379440307617188,6.082767009735107
2014-10-21,17.994260787963867,6.24310827255249
2014-10-22,17.743141174316406,6.129673957824707
2014-10-23,18.098175048828125,6.451212406158447
2014-10-24,18.176111221313477,6.444387912750244
2014-10-27,18.219417572021484,6.401744365692139
2014-10-28,18.401254653930664,6.458034038543701
2014-10-29,18.60042381286621,6.464856147766113
2014-10-30,18.479183197021484,6.486177444458008
2014-10-31,19.128643035888672,6.640550136566162
2014-11-03,19.232561111450195,6.749721050262451
2014-11-04,19.11998748779297,6.766778945922852
2014-11-05,19.578927993774414,6.800893783569336
2014-11-06,19.561616897583008,6.788102149963379
2014-11-07,19.423065185546875,6.731809616088867
2014-11-10,19.59625244140625,6.816246032714844
2014-11-11,19.51832389831543,6.8213629722595215
2014-11-12,19.475027084350586,6.735220909118652
2014-11-13,19.58759307861328,6.724987030029297
2014-11-14,19.760786056518555,6.806864261627197
2014-11-17,19.46636962890625,6.634580612182617
2014-11-18,19.727304458618164,6.762513160705566
2014-11-19,19.64902687072754,6.69598913192749
2014-11-20,19.683815002441406,6.707076072692871
2014-11-21,19.88387680053711,6.707929611206055
2014-11-24,20.214391708374023,6.822215557098389
2014-11-25,20.205705642700195,6.905798435211182
2014-11-26,20.76238250732422,7.009849548339844
2014-11-28,20.918949127197266,7.048230171203613
2014-12-01,20.649303436279297,6.9689106941223145
2014-12-02,20.76238250732422,7.021791934967041
2014-12-03,21.388648986816406,7.181281089782715
2014-12-04,21.22338104248047,7.181281089782715
2014-12-05,21.780061721801758,7.189808368682861
2014-12-08,21.084213256835938,7.040236473083496
2014-12-09,21.24077796936035,7.0325422286987305
2014-12-10,20.68409538269043,6.8120269775390625
2014-12-11,20.692800521850586,6.8205742835998535
2014-12-12,20.57971954345703,6.699204921722412
2014-12-15,20.344867706298828,6.694930076599121
2014-12-16,20.744985580444336,6.567581653594971
2014-12-17,21.275569915771484,6.694930076599121
2014-12-18,21.753969192504883,6.907754421234131
2014-12-19,21.649593353271484,6.880403518676758
2014-12-22,22.093189239501953,6.970149040222168
2014-12-23,22.093189239501953,6.971857070922852
2014-12-24,21.962717056274414,6.9342498779296875
2014-12-26,21.910531997680664,6.9197211265563965
2014-12-29,22.01490592956543,6.893224716186523
2014-12-30,21.936620712280273,6.832540988922119
2014-12-31,21.67568588256836,6.7812581062316895
2015-01-02,21.710481643676758,6.790659427642822
2015-01-05,21.014636993408203,6.707752704620361
2015-01-06,20.22310447692871,6.595786094665527
2015-01-07,20.414457321166992,6.629974365234375
2015-01-08,21.06682014465332,6.801769733428955
2015-01-09,21.084213256835938,6.814592361450195
2015-01-12,20.57971954345703,6.607752799987793
2015-01-13,20.292686462402344,6.543649196624756
2015-01-14,20.023040771484375,6.500058174133301
2015-01-15,20.292686462402344,6.553905010223389
2015-01-16,20.414457321166992,6.630830764770508
2015-01-20,20.55362892150879,6.709461688995361
2015-01-21,21.153799057006836,6.84108829498291
2015-01-22,21.41473960876465,6.911174297332764
2015-01-23,20.97113800048828,6.8735671043396
2015-01-26,21.084213256835938,6.938526630401611
2015-01-27,20.501440048217773,6.850489139556885
2015-01-28,20.33617401123047,6.813736915588379
2015-01-29,20.544937133789062,6.82655668258667
2015-01-30,19.866479873657227,6.533392906188965
2015-02-02,19.88387680053711,6.552195072174072
2015-02-03,20.39706039428711,6.635102272033691
2015-02-04,20.544937133789062,6.618864059448242
2015-02-05,20.840667724609375,6.669291019439697
2015-02-06,21.084213256835938,6.678692817687988
2015-02-09,20.449247360229492,6.639375686645508
2015-02-10,21.119001388549805,6.887241840362549
2015-02-11,21.101606369018555,6.888951301574707
2015-02-12,20.99723243713379,6.932542324066162
2015-02-13,21.06710433959961,7.026557922363281
2015-02-17,21.075841903686523,7.00091552734375
2015-02-18,21.049640655517578,7.001772403717041
2015-02-19,21.774585723876953,7.100062847137451
2015-02-20,21.949270248413086,7.165876388549805
2015-02-23,21.757112503051758,7.109464645385742
2015-02-24,22.150157928466797,7.199210166931152
2015-02-25,21.92306900024414,7.139378547668457
2015-02-26,21.757112503051758,7.126558780670166
2015-02-27,21.87939453125,7.047928810119629
2015-03-02,22.385982513427734,7.220579147338867
2015-03-03,21.39027976989746,6.990661144256592
2015-03-04,21.1981258392334,6.912027835845947
2015-03-05,21.119516372680664,6.903480529785156
2015-03-06,20.88368797302246,6.852198600769043
2015-03-09,21.040904998779297,6.9198737144470215
2015-03-10,20.53431510925293,6.678303241729736
2015-03-11,20.490642547607422,6.704855918884277
2015-03-12,20.76140594482422,6.65774393081665
2015-03-13,21.171916961669922,6.74254846572876
2015-03-16,21.46015167236328,6.843632221221924
2015-03-17,21.145719528198242,6.765678882598877
2015-03-18,21.285463333129883,6.638040065765381
2015-03-19,21.032167434692383,6.76310920715332
2015-03-20,21.06710433959961,6.787093639373779
2015-03-23,20.936094284057617,6.718564510345459
2015-03-24,20.874950408935547,6.746832370758057
2015-03-25,19.76569938659668,6.231996536254883
2015-03-26,19.564809799194336,6.094935417175293
2015-03-27,19.940383911132812,6.171176910400391
2015-03-30,19.887981414794922,6.184024810791016
2015-03-31,19.704561233520508,6.016983509063721
2015-04-01,19.556076049804688,6.018695831298828
2015-04-02,19.451263427734375,6.060671329498291
2015-04-06,19.355180740356445,6.197731971740723
2015-04-07,19.20670509338379,6.096648693084717
2015-04-08,19.547334671020508,6.238850116729736
2015-04-09,19.660886764526367,6.26711893081665
2015-04-10,19.65216064453125,6.261979579925537
2015-04-13,19.503662109375,6.227712631225586
2015-04-14,19.39012336730957,6.167749404907227
2015-04-15,19.695823669433594,6.2037272453308105
2015-04-16,19.110624313354492,6.149761199951172
2015-04-17,18.769983291625977,6.052961349487305
2015-04-20,19.005813598632812,6.166893482208252
2015-04-21,19.468734741210938,6.668022632598877
2015-04-22,19.486202239990234,6.7125678062438965
2015-04-23,19.36391830444336,6.602920055389404
2015-04-24,19.040754318237305,6.570366859436035
2015-04-27,17.44237518310547,6.538671016693115
2015-04-28,17.503517150878906,6.543811321258545
2015-04-29,17.477312088012695,6.542954921722412
2015-04-30,17.285165786743164,6.474424839019775
2015-05-01,17.451112747192383,6.615767478942871
2015-05-04,17.363767623901367,6.586644172668457
2015-05-05,16.909584045410156,6.476138114929199
2015-05-06,16.988189697265625,6.441873073577881
2015-05-07,17.08426856994629,6.463288307189941
2015-05-08,17.197816848754883,6.597778797149658
2015-05-11,17.398700714111328,6.691152095794678
2015-05-12,17.37250328063965,6.5789337158203125
2015-05-13,17.407438278198242,6.616623878479004
2015-05-14,17.346298217773438,6.703145980834961
2015-05-15,17.643266677856445,6.744264125823975
2015-05-18,17.634531021118164,6.806796550750732
2015-05-19,17.546754837036133,6.9198737144470215
2015-05-20,17.476530075073242,6.883893966674805
2015-05-21,17.687198638916016,6.958421230316162
2015-05-22,17.678417205810547,6.945571422576904
2015-05-26,17.546754837036133,6.888177871704102
2015-05-27,17.85397720336914,7.080918312072754
2015-05-28,17.87152671813965,7.056931495666504
2015-05-29,17.669639587402344,7.045797824859619
2015-06-01,17.82764434814453,7.1434526443481445
2015-06-02,17.889089584350586,7.134031295776367
2015-06-03,17.87152671813965,7.154589653015137
2015-06-04,17.60820198059082,7.107475757598877
2015-06-05,17.687198638916016,7.1477370262146
2015-06-08,17.441429138183594,7.071221828460693
2015-06-09,17.476530075073242,7.048007965087891
2015-06-10,17.59064483642578,7.1047515869140625
2015-06-11,17.3624210357666,7.09615421295166
2015-06-12,17.22197723388672,7.003302097320557
2015-06-15,17.300979614257812,6.986109256744385
2015-06-16,17.397533416748047,7.0970139503479
2015-06-17,17.151756286621094,7.071221828460693
2015-06-18,17.41509246826172,7.21049690246582
2015-06-19,17.30975341796875,7.155474662780762
2015-06-22,17.432640075683594,7.193303108215332
2015-06-23,17.520418167114258,7.202759742736816
2015-06-24,17.6433048248291,7.1537556648254395
2015-06-25,17.60820198059082,7.198460578918457
2015-06-26,17.3624210357666,7.123664379119873
2015-06-29,16.862085342407227,6.894977569580078
2015-06-30,16.87087059020996,6.9938435554504395
2015-07-01,17.12542152404785,7.072941780090332
2015-07-02,17.213197708129883,7.155474662780762
2015-07-06,16.91476058959961,6.975793361663818
2015-07-07,16.826976776123047,6.891538619995117
2015-07-08,16.28275489807129,6.701540946960449
2015-07-09,16.25641441345215,6.6740288734436035
2015-07-10,16.475868225097656,6.751406192779541
2015-07-13,16.949859619140625,6.815023422241211
2015-07-14,16.581195831298828,6.864887237548828
2015-07-15,16.300304412841797,6.833939552307129
2015-07-16,15.685869216918945,6.649956226348877
2015-07-17,15.5980863571167,6.642220497131348
2015-07-20,15.5980863571167,6.626745223999023
2015-07-21,15.650752067565918,6.651676654815674
2015-07-22,15.352309226989746,6.575162410736084
2015-07-23,15.55419921875,6.62158727645874
2015-07-24,15.246979713439941,6.4866108894348145
2015-07-27,15.255754470825195,6.4866108894348145
2015-07-28,15.466423988342285,6.684345722198486
2015-07-29,15.404975891113281,6.677469730377197
2015-07-30,15.42253589630127,6.754843711853027
2015-07-31,15.238204002380371,6.608689308166504
2015-08-03,15.062641143798828,6.511541843414307
2015-08-04,14.772985458374023,6.283715724945068
2015-08-05,14.948538780212402,6.366246700286865
2015-08-06,14.790533065795898,6.234711170196533
2015-08-07,14.904644012451172,6.2261128425598145
2015-08-10,15.448860168457031,6.4367475509643555
2015-08-11,15.22064208984375,6.275977611541748
2015-08-12,15.185532569885254,6.242448806762695
2015-08-13,14.966086387634277,6.1908650398254395
2015-08-14,14.606203079223633,6.251045227050781
2015-08-17,14.948538780212402,6.395480155944824
2015-08-18,14.595353126525879,6.213217258453369
2015-08-19,14.515885353088379,6.225253582000732
2015-08-20,14.109723091125488,6.105751991271973
2015-08-21,13.668242454528809,5.9965691566467285
2015-08-24,13.332718849182129,5.787654876708984
2015-08-25,13.103143692016602,5.7945332527160645
2015-08-26,13.456331253051758,6.0825395584106445
2015-08-27,14.074402809143066,6.285435676574707
2015-08-28,14.118552207946777,6.269100666046143
2015-08-31,14.206849098205566,6.256203651428223
2015-09-01,13.67707633972168,5.980231285095215
2015-09-02,13.844831466674805,6.112630844116211
2015-09-03,13.915471076965332,6.168511867523193
2015-09-04,13.588778495788574,6.02174711227417
2015-09-08,13.888982772827148,6.270387649536133
2015-09-09,13.650579452514648,6.094264984130859
2015-09-10,13.738876342773438,6.207363128662109
2015-09-11,13.68589973449707,6.201317310333252
2015-09-14,13.774198532104492,6.259162425994873
2015-09-15,14.056744575500488,6.390389442443848
2015-09-16,14.277482986450195,6.4542741775512695
2015-09-17,14.145040512084961,6.271248817443848
2015-09-18,14.065572738647461,6.148656845092773
2015-09-21,13.809514045715332,5.876705169677734
2015-09-22,13.332718849182129,5.666916847229004
2015-09-23,12.900067329406738,5.498566627502441
2015-09-24,12.970703125,5.472664833068848
2015-09-25,12.891233444213867,5.44590425491333
2015-09-28,12.688151359558105,5.332806587219238
2015-09-29,12.847086906433105,5.426909446716309
2015-09-30,12.970703125,5.640152454376221
2015-10-01,12.95304012298584,5.563314437866211
2015-10-02,13.191442489624023,5.6703691482543945
2015-10-05,13.332718849182129,5.647921085357666
2015-10-06,13.456331253051758,5.6332478523254395
2015-10-07,13.588778495788574,5.746342658996582
2015-10-08,13.836002349853516,5.811093330383301
2015-10-09,13.81834602355957,5.738572120666504
2015-10-12,13.774198532104492,5.73943567276001
2015-10-13,13.368034362792969,5.579717636108398
2015-10-14,13.63292121887207,5.8093647956848145
2015-10-15,13.88015079498291,5.824041843414307
2015-10-16,13.977278709411621,5.894835948944092
2015-10-19,13.959619522094727,5.8395819664001465
2015-10-20,14.295141220092773,6.045919418334961
2015-10-21,14.189188003540039,6.111533164978027
2015-10-22,14.312801361083984,6.268659591674805
2015-10-23,14.515885353088379,6.43787145614624
2015-10-26,14.418761253356934,6.481037616729736
2015-10-27,14.365781784057617,6.483628749847412
2015-10-28,14.604180335998535,6.538882255554199
2015-10-29,14.780771255493164,6.547515392303467
2015-10-30,14.807259559631348,6.612265110015869
2015-11-02,14.913215637207031,6.613129615783691
2015-11-03,15.010340690612793,6.590681076049805
2015-11-04,14.89555549621582,6.648524761199951
2015-11-05,14.842576026916504,6.653705596923828
2015-11-06,15.054486274719238,6.639028072357178
2015-11-09,14.842576026916504,6.64766263961792
2015-11-10,14.798431396484375,6.597588539123535
2015-11-11,14.824922561645508,6.63212251663208
2015-11-12,14.595353126525879,6.51298189163208
2015-11-13,15.222247123718262,6.524202823638916
2015-11-16,15.663731575012207,6.68305778503418
2015-11-17,15.823573112487793,6.7132744789123535
2015-11-18,16.098831176757812,6.771117687225342
2015-11-19,16.160993576049805,6.727087020874023
2015-11-20,16.143232345581055,6.766801834106445
2015-11-23,16.098831176757812,6.6467976570129395
2015-11-24,16.320831298828125,6.672699451446533
2015-11-25,16.38298988342285,6.671836853027344
2015-11-27,16.5339412689209,6.702051639556885
2015-11-30,16.667142868041992,6.751262664794922
2015-12-01,17.031208038330078,6.871265888214111
2015-12-02,16.986806869506836,6.790112018585205
2015-12-03,16.658252716064453,6.599314212799072
2015-12-04,16.898006439208984,6.706368923187256
2015-12-07,16.791454315185547,6.750570297241211
2015-12-08,16.82697296142578,6.968105792999268
2015-12-09,16.898006439208984,6.78783655166626
2015-12-10,16.649375915527344,6.936039447784424
2015-12-11,16.267555236816406,6.837236404418945
2015-12-14,16.027793884277344,6.721968650817871
2015-12-15,16.391868591308594,6.927370548248291
2015-12-16,16.427379608154297,6.955105304718018
2015-12-17,16.03668212890625,6.82077169418335
2015-12-18,16.072200775146484,6.676900386810303
2015-12-21,16.445144653320312,6.825103759765625
2015-12-22,16.658252716064453,6.949906349182129
2015-12-23,16.951284408569336,6.9698405265808105
2015-12-24,16.969045639038086,6.967238903045654
2015-12-28,16.871366500854492,6.936039447784424
2015-12-29,17.102237701416016,6.998441219329834
2015-12-30,16.835845947265625,6.948174476623535
2015-12-31,16.578346252441406,6.883172988891602
2016-01-04,16.40074348449707,6.736701965332031
2016-01-05,16.418506622314453,6.7731032371521
2016-01-06,15.743650436401367,6.375298023223877
2016-01-07,15.281906127929688,6.214961051940918
2016-01-08,14.908965110778809,6.108360767364502
2016-01-11,14.811284065246582,6.149092674255371
2016-01-12,14.873442649841309,6.1915602684021
2016-01-13,14.38506031036377,5.987025737762451
2016-01-14,14.926716804504395,6.235762119293213
2016-01-15,14.278505325317383,5.889955520629883
2016-01-19,14.607054710388184,5.846622467041016
2016-01-20,14.536016464233398,6.029492378234863
2016-01-21,14.926716804504395,5.90382194519043
2016-01-22,15.139830589294434,5.9558234214782715
2016-01-25,15.015519142150879,5.893423557281494
2016-01-26,15.406227111816406,5.957558631896973
2016-01-27,15.175346374511719,5.8500895500183105
2016-01-28,14.811284065246582,6.019092559814453
2016-01-29,15.67261028289795,6.221896171569824
2016-02-01,15.67261028289795,6.293828964233398
2016-02-02,15.139830589294434,6.114426136016846
2016-02-03,15.352940559387207,6.188961982727051
2016-02-04,15.610453605651855,6.194159984588623
2016-02-05,14.926716804504395,5.977492809295654
2016-02-08,14.376180648803711,5.727019786834717
2016-02-09,14.296266555786133,5.683684349060059
2016-02-10,14.198590278625488,5.675018787384033
2016-02-11,13.887797355651855,5.5649518966674805
2016-02-12,14.260744094848633,5.724421977996826
2016-02-16,14.846805572509766,5.857022285461426
2016-02-17,15.219748497009277,6.001758098602295
2016-02-18,15.246387481689453,5.873487949371338
2016-02-19,16.320831298828125,6.046824932098389
2016-02-22,16.50729751586914,6.096226215362549
2016-02-23,16.52515983581543,6.00002384185791
2016-02-24,16.685853958129883,6.108360767364502
2016-02-25,16.864412307739258,6.277361869812012
2016-02-26,16.962608337402344,6.396964073181152
2016-02-29,16.8465576171875,6.352762222290039
2016-03-01,17.292945861816406,6.54949951171875
2016-03-02,17.400070190429688,6.461099624633789
2016-03-03,17.36435890197754,6.488831996917725
2016-03-04,17.310792922973633,6.442031383514404
2016-03-07,17.355440139770508,6.529921054840088
2016-03-08,16.76620864868164,6.381988048553467
2016-03-09,17.11438751220703,6.422887325286865
2016-03-10,17.471500396728516,6.546454429626465
2016-03-11,17.89109230041504,6.628252983093262
2016-03-14,17.775028228759766,6.693517208099365
2016-03-15,17.7661075592041,6.714401721954346
2016-03-16,17.90001678466797,6.770964622497559
2016-03-17,18.10535430908203,6.89714241027832
2016-03-18,18.292837142944336,6.911066055297852
2016-03-21,18.50710678100586,6.9406514167785645
2016-03-22,18.551746368408203,6.977200031280518
2016-03-23,18.10535430908203,6.905843734741211
2016-03-24,17.98929786682129,6.86407470703125
2016-03-28,18.0339412689209,6.885829448699951
2016-03-29,18.382116317749023,7.130354404449463
2016-03-30,18.783864974975586,7.152108192443848
2016-03-31,18.908851623535156,7.187786102294922
2016-04-01,19.123119354248047,7.216501235961914
2016-04-04,18.899930953979492,7.2017083168029785
2016-04-05,18.703516006469727,7.108597755432129
2016-04-06,18.801719665527344,7.1895270347595215
2016-04-07,18.56960105895996,7.0676984786987305
2016-04-08,18.56067657470703,7.058998107910156
2016-04-11,18.694581985473633,7.0816216468811035
2016-04-12,18.68565559387207,7.0833635330200195
2016-04-13,19.024911880493164,7.206061363220215
2016-04-14,19.176681518554688,7.1016364097595215
2016-04-15,19.167753219604492,7.104246139526367
2016-04-18,19.248104095458984,7.140796184539795
2016-04-19,18.92670440673828,7.202580451965332
2016-04-20,18.873136520385742,7.193879127502441
2016-04-21,18.703516006469727,7.03289270401001
2016-04-22,18.837432861328125,7.018097877502441
2016-04-25,18.694581985473633,6.980679512023926
2016-04-26,18.98920249938965,6.98328971862793
2016-04-27,19.123119354248047,7.045945644378662
2016-04-28,18.57852554321289,6.801420211791992
2016-04-29,18.27498435974121,6.648266792297363
2016-05-02,18.13214683532715,6.66480016708374
2016-05-03,17.944656372070312,6.589964389801025
2016-05-04,17.72146987915039,6.517739295959473
2016-05-05,17.72146987915039,6.53079080581665
2016-05-06,17.739322662353516,6.521219253540039
2016-05-09,17.757173538208008,6.495113849639893
2016-05-10,17.8375301361084,6.6091084480285645
2016-05-11,17.864307403564453,6.579522132873535
2016-05-12,17.525056838989258,6.517739295959473
2016-05-13,17.507205963134766,6.469006538391113
2016-05-16,17.72146987915039,6.392431735992432
2016-05-17,17.53398895263672,6.364584922790527
2016-05-18,17.783967971801758,6.436811447143555
2016-05-19,17.775028228759766,6.380247592926025
2016-05-20,20.23015022277832,6.672632694244385
2016-05-23,20.444416046142578,6.684814929962158
2016-05-24,21.063127517700195,6.898012638092041
2016-05-25,21.215564727783203,7.015487194061279
2016-05-26,21.2783260345459,7.050295829772949
2016-05-27,21.914974212646484,7.219983100891113
2016-05-31,21.897045135498047,7.206061363220215
2016-06-01,21.861177444458008,7.2339067459106445
2016-06-02,21.986705780029297,7.277414321899414
2016-06-03,21.87014389038086,7.231296062469482
2016-06-06,21.672870635986328,7.189375400543213
2016-06-07,21.672870635986328,7.24614143371582
2016-06-08,21.726675033569336,7.282822608947754
2016-06-09,21.897045135498047,7.303781509399414
2016-06-10,21.583200454711914,7.193743705749512
2016-06-13,21.46663475036621,7.159681797027588
2016-06-14,21.28730010986328,7.158809185028076
2016-06-15,21.251432418823242,7.2033467292785645
2016-06-16,21.242464065551758,7.219943523406982
2016-06-17,21.009328842163086,7.2391557693481445
2016-06-20,21.188661575317383,7.360551357269287
2016-06-21,21.36800193786621,7.393735885620117
2016-06-22,21.49353790283203,7.480198383331299
2016-06-23,21.986705780029297,7.613821029663086
2016-06-24,20.82999038696289,7.185882568359375
2016-06-27,19.987102508544922,6.983266353607178
2016-06-28,20.5699462890625,7.132608413696289
2016-06-29,21.125898361206055,7.178896427154541
2016-06-30,21.49353790283203,7.341336727142334
2016-07-01,21.42180633544922,7.247015476226807
2016-07-05,21.376964569091797,7.151822090148926
2016-07-06,21.520437240600586,7.157936096191406
2016-07-07,21.780475616455078,7.164922714233398
2016-07-08,22.354352951049805,7.412951469421387
2016-07-11,22.551624298095703,7.539585590362549
2016-07-12,22.78476333618164,7.70639705657959
2016-07-13,23.233102798461914,7.739582061767578
2016-07-14,23.403478622436523,7.674956321716309
2016-07-15,23.618682861328125,7.7334675788879395
2016-07-18,23.851823806762695,7.801590442657471
2016-07-19,23.663509368896484,7.816434383392334
2016-07-20,23.896650314331055,7.965782165527344
2016-07-21,23.520048141479492,7.800716876983643
2016-07-22,23.64558219909668,7.8644700050354
2016-07-25,23.753183364868164,7.915999889373779
2016-07-26,24.040117263793945,7.9998369216918945
2016-07-27,24.120830535888672,8.031280517578125
2016-07-28,23.869754791259766,8.129096984863281
2016-07-29,23.573850631713867,7.8400163650512695
2016-08-01,23.555908203125,7.929101467132568
2016-08-02,23.286909103393555,7.83652400970459
2016-08-03,23.493144989013672,7.929101467132568
2016-08-04,23.64558219909668,8.028661727905273
2016-08-05,24.040117263793945,8.143940925598145
2016-08-08,24.058053970336914,8.097654342651367
2016-08-09,24.022186279296875,8.147436141967773
2016-08-10,23.681438446044922,7.782376289367676
2016-08-11,24.049089431762695,7.763162136077881
2016-08-12,24.37189292907715,7.788488864898682
2016-08-15,24.631929397583008,7.924735069274902
2016-08-16,24.407756805419922,7.847877502441406
2016-08-17,24.470523834228516,7.878444671630859
2016-08-18,24.820236206054688,7.94132661819458
2016-08-19,26.57773780822754,8.138700485229492
2016-08-22,26.138364791870117,8.139575958251953
2016-08-23,26.948163986206055,8.19896411895752
2016-08-24,26.723217010498047,8.0950345993042
2016-08-25,26.678224563598633,8.160536766052246
2016-08-26,26.966150283813477,8.192848205566406
2016-08-29,27.03813362121582,8.2391357421875
2016-08-30,26.984148025512695,8.120359420776367
2016-08-31,26.849185943603516,8.150053024291992
2016-09-01,27.254079818725586,8.26446533203125
2016-09-02,27.011146545410156,8.240884780883789
2016-09-06,26.97515296936035,8.183241844177246
2016-09-07,26.912168502807617,8.212936401367188
2016-09-08,26.804195404052734,8.171889305114746
2016-09-09,25.967416763305664,7.963160037994385
2016-09-12,26.624235153198242,8.172575950622559
2016-09-13,26.435287475585938,8.020990371704102
2016-09-14,26.480276107788086,8.02362060546875
2016-09-15,27.12811279296875,8.180461883544922
2016-09-16,27.03813362121582,8.145416259765625
2016-09-19,27.26307487487793,8.074440002441406
2016-09-20,27.344053268432617,8.059542655944824
2016-09-21,27.50601577758789,8.174330711364746
2016-09-22,27.254079818725586,8.121753692626953
2016-09-23,26.687217712402344,8.042017936706543
2016-09-26,26.40829849243164,8.009597778320312
2016-09-27,26.669227600097656,8.105984687805176
2016-09-28,26.75920867919922,8.143659591674805
2016-09-29,26.615238189697266,8.169073104858398
2016-09-30,27.12811279296875,8.298755645751953
2016-10-03,26.921165466308594,8.288236618041992
2016-10-04,26.642230987548828,8.309266090393066
2016-10-05,26.939157485961914,8.426682472229004
2016-10-06,26.8941707611084,8.778926849365234
2016-10-07,26.768198013305664,8.792946815490723
2016-10-10,26.435287475585938,8.950668334960938
2016-10-11,25.769451141357422,8.72635269165039
2016-10-12,25.769451141357422,8.64661693572998
2016-10-13,25.067638397216797,8.563376426696777
2016-10-14,25.2565860748291,8.60631275177002
2016-10-17,25.013647079467773,8.592288970947266
2016-10-18,25.21160125732422,8.715839385986328
2016-10-19,25.481534957885742,8.73774528503418
2016-10-20,25.5355167388916,8.494154930114746
2016-10-21,25.580503463745117,8.55285930633545
2016-10-24,26.22833824157715,8.672904014587402
2016-10-25,25.967416763305664,8.594040870666504
2016-10-26,25.958406448364258,8.575641632080078
2016-10-27,25.967416763305664,8.473126411437988
2016-10-28,25.78745460510254,8.430188179016113
2016-10-31,26.165361404418945,8.487141609191895
2016-11-01,26.003395080566406,8.416169166564941
2016-11-02,25.72446632385254,8.398646354675293
2016-11-03,25.436548233032227,8.345195770263672
2016-11-04,25.39154815673828,8.324162483215332
2016-11-07,26.390300750732422,8.631721496582031
2016-11-08,26.552261352539062,8.68517017364502
2016-11-09,26.21034812927246,8.587908744812012
2016-11-10,25.355562210083008,8.409157752990723
2016-11-11,25.931413650512695,8.542346000671387
2016-11-14,26.084383010864258,8.631721496582031
2016-11-15,26.642230987548828,8.860416412353516
2016-11-16,27.011146545410156,8.870931625366211
2016-11-17,27.649980545043945,9.095247268676758
2016-11-18,27.658971786499023,9.174983024597168
2016-11-21,28.207839965820312,9.309046745300293
2016-11-22,28.586956024169922,9.350226402282715
2016-11-23,28.776508331298828,9.371257781982422
2016-11-25,28.776508331298828,9.422956466674805
2016-11-28,28.74040412902832,9.35548210144043
2016-11-29,29.02924919128418,9.425581932067871
2016-11-30,29.06536102294922,9.28977108001709
2016-12-01,27.169788360595703,8.637853622436523
2016-12-02,28.379343032836914,8.80521297454834
2016-12-05,28.460582733154297,8.972570419311523
2016-12-06,28.532793045043945,9.02952766418457
2016-12-07,29.34517478942871,9.336206436157227
2016-12-08,29.52571678161621,9.38878345489502
2016-12-09,29.200748443603516,9.12065601348877
2016-12-12,28.884828567504883,9.11977767944336
2016-12-13,28.911901473999023,9.15761661529541
2016-12-14,29.011194229125977,9.191061973571777
2016-12-15,29.841644287109375,9.338903427124023
2016-12-16,29.34517478942871,9.191937446594238
2016-12-19,29.28199005126953,9.415465354919434
2016-12-20,29.435449600219727,9.403146743774414
2016-12-21,29.408367156982422,9.370585441589355
2016-12-22,29.79649543762207,9.477069854736328
2016-12-23,29.69721221923828,9.509628295898438
2016-12-27,30.085355758666992,9.59499454498291
2016-12-28,29.69721221923828,9.466509819030762
2016-12-29,29.48057746887207,9.429548263549805
2016-12-30,29.1285457611084,9.304582595825195
2017-01-03,28.83066749572754,9.439227104187012
2017-01-04,29.101465225219727,9.444504737854004
2017-01-05,28.975093841552734,9.42338752746582
2017-01-06,28.920936584472656,9.469148635864258
2017-01-09,29.58889389038086,9.580033302307129
2017-01-10,29.904827117919922,9.545711517333984
2017-01-11,30.21172523498535,9.591469764709473
2017-01-12,30.067298889160156,9.519309997558594
2017-01-13,30.500564575195312,9.727877616882324
2017-01-17,30.058271408081055,9.601152420043945
2017-01-18,30.41030502319336,9.789480209350586
2017-01-19,30.464460372924805,9.754279136657715
2017-01-20,30.54570770263672,9.887165069580078
2017-01-23,30.464460372924805,9.924127578735352
2017-01-24,30.71721649169922,10.088689804077148
2017-01-25,31.069246292114258,10.289338111877441
2017-01-26,30.67207908630371,10.061408996582031
2017-01-27,31.628889083862305,10.405503273010254
2017-01-30,30.997026443481445,10.208375930786133
2017-01-31,30.915790557861328,10.108052253723145
2017-02-01,31.619848251342773,10.36150074005127
2017-02-02,31.53862190246582,10.316621780395508
2017-02-03,31.87259292602539,10.353581428527832
2017-02-06,31.7552547454834,10.310460090637207
2017-02-07,32.08021926879883,10.296377182006836
2017-02-08,32.134376525878906,10.196934700012207
2017-02-09,31.96285629272461,10.208375930786133
2017-02-10,31.881633758544922,10.207497596740723
2017-02-13,32.00799560546875,10.231255531311035
2017-02-14,31.800386428833008,10.17581558227539
2017-02-15,32.03507614135742,10.228617668151855
2017-02-16,31.7552547454834,10.082531929016113
2017-02-17,32.289337158203125,10.111573219299316
2017-02-21,33.11309051513672,10.368541717529297
2017-02-22,33.04972839355469,10.43542766571045
2017-02-23,32.73289489746094,10.36062240600586
2017-02-24,32.85962677001953,10.45390510559082
2017-02-27,32.9773063659668,10.497904777526855
2017-02-28,32.78721618652344,10.431903839111328
2017-03-01,33.35749816894531,10.53134536743164
2017-03-02,33.0316276550293,10.426623344421387
2017-03-03,33.37560272216797,10.438942909240723
2017-03-06,33.36656188964844,10.455728530883789
2017-03-07,33.466129302978516,10.37356948852539
2017-03-08,33.6652717590332,10.400076866149902
2017-03-09,33.83727264404297,10.384172439575195
2017-03-10,34.50713348388672,10.653606414794922
2017-03-13,34.79681396484375,10.812613487243652
2017-03-14,34.642921447753906,10.808197021484375
2017-03-15,35.23131561279297,10.968975067138672
2017-03-16,35.3489990234375,11.127983093261719
2017-03-17,35.557186126708984,11.173035621643066
2017-03-20,35.81970977783203,11.206603050231934
2017-03-21,34.92354965209961,10.977808952331543
2017-03-22,35.14080047607422,11.077630043029785
2017-03-23,35.16795349121094,11.073211669921875
2017-03-24,35.27658462524414,11.260490417480469
2017-03-27,35.177001953125,11.289642333984375
2017-03-28,35.14080047607422,11.285225868225098
2017-03-29,35.18606185913086,11.296710014343262
2017-03-30,35.20415115356445,11.369146347045898
2017-03-31,35.21321487426758,11.339113235473633
2017-04-03,35.20415115356445,11.344412803649902
2017-04-04,35.303733825683594,11.385930061340332
2017-04-05,34.742496490478516,11.286992073059082
2017-04-06,34.92354965209961,11.383280754089355
2017-04-07,35.2403678894043,11.422149658203125
2017-04-10,35.177001953125,11.377983093261719
2017-04-11,34.579559326171875,11.239290237426758
2017-04-12,34.19031524658203,11.144768714904785
2017-04-13,33.96401596069336,11.05731201171875
2017-04-17,34.4166145324707,11.248122215270996
2017-04-18,34.44376754760742,11.25695514678955
2017-04-19,35.5300407409668,12.029036521911621
2017-04-20,36.10938262939453,12.310832977294922
2017-04-21,36.01885986328125,12.36560344696045
2017-04-24,36.60725021362305,12.589103698730469
2017-04-25,36.924095153808594,12.876199722290039
2017-04-26,36.85166931152344,12.85411548614502
2017-04-27,37.412899017333984,12.985738754272461
2017-04-28,36.76114273071289,12.79581069946289
2017-05-01,37.747840881347656,13.181848526000977
2017-05-02,37.75688552856445,13.190682411193848
2017-05-03,37.61206817626953,13.257818222045898
2017-05-04,37.675418853759766,13.30463695526123
2017-05-05,37.865516662597656,13.278141021728516
2017-05-08,37.60299301147461,13.173017501831055
2017-05-09,38.05561447143555,13.298460006713867
2017-05-10,38.80695724487305,13.175664901733398
2017-05-11,39.359130859375,13.243683815002441
2017-05-12,39.32292938232422,13.213653564453125
2017-05-15,40.11952209472656,13.36294174194336
2017-05-16,40.79844665527344,13.476900100708008
2017-05-17,38.70737838745117,13.009591102600098
2017-05-18,39.748390197753906,13.233968734741211
2017-05-19,39.90227508544922,13.462770462036133
2017-05-22,40.490665435791016,13.507820129394531
2017-05-23,40.74470138549805,13.553757667541504
2017-05-24,40.49066925048828,13.505168914794922
2017-05-25,40.844482421875,13.595273971557617
2017-05-26,41.27998352050781,13.703046798706055
2017-05-30,41.33441925048828,13.857640266418457
2017-05-31,41.624725341796875,13.707464218139648
2017-06-01,41.73360061645508,13.81965446472168
2017-06-02,42.459415435791016,14.022830963134766
2017-06-05,42.38682174682617,14.200014114379883
2017-06-06,42.2507438659668,14.263792991638184
2017-06-07,42.876731872558594,14.37807559967041
2017-06-08,43.03097915649414,14.61461067199707
2017-06-09,40.590457916259766,13.977651596069336
2017-06-12,40.227561950683594,13.687965393066406
2017-06-13,40.69026565551758,13.742002487182617
2017-06-14,39.90095138549805,13.532047271728516
2017-06-15,39.157005310058594,13.153767585754395
2017-06-16,39.11165237426758,13.12984848022461
2017-06-19,40.182220458984375,13.377015113830566
2017-06-20,39.33845901489258,13.298169136047363
2017-06-21,39.5743522644043,13.369925498962402
2017-06-22,39.3203125,13.291966438293457
2017-06-23,40.000755310058594,13.446111679077148
2017-06-26,39.2386589050293,13.19894790649414
2017-06-27,38.004798889160156,12.811812400817871
2017-06-28,38.73059844970703,13.09618091583252
2017-06-29,37.596527099609375,12.610713958740234
2017-06-30,37.47859191894531,12.529211044311523
2017-07-03,37.2064208984375,12.339630126953125
2017-07-05,38.213470458984375,12.626660346984863
2017-07-06,38.204402923583984,12.747142791748047
2017-07-07,39.50176239013672,13.122759819030762
2017-07-10,40.10962677001953,13.362837791442871
2017-07-11,41.18926239013672,13.617976188659668
2017-07-12,41.08039093017578,13.694165229797363
2017-07-13,41.098514556884766,13.726057052612305
2017-07-14,41.84247589111328,13.935126304626465
2017-07-17,41.86969757080078,13.906778335571289
2017-07-18,42.296112060546875,14.116735458374023
2017-07-19,42.804161071777344,14.549051284790039
2017-07-20,42.86766815185547,14.59954833984375
2017-07-21,42.46847915649414,14.487039566040039
2017-07-24,42.441261291503906,14.539310455322266
2017-07-25,42.09650802612305,14.569426536560059
2017-07-26,43.04912185668945,14.913156509399414
2017-07-27,41.76990509033203,14.596002578735352
2017-07-28,41.053157806396484,14.316061019897461
2017-07-31,40.20035934448242,14.126482009887695
2017-08-01,40.00981903076172,13.949304580688477
2017-08-02,38.76689147949219,13.425737380981445
2017-08-03,38.73968505859375,13.1909761428833
2017-08-04,38.84853744506836,13.292853355407715
2017-08-07,39.88280487060547,13.805788040161133
2017-08-08,39.828372955322266,13.797813415527344
2017-08-09,39.74671936035156,13.749089241027832
2017-08-10,38.13181686401367,13.238812446594238
2017-08-11,39.08442687988281,13.665815353393555
2017-08-14,39.71950149536133,14.045862197875977
2017-08-15,39.810237884521484,14.192923545837402
2017-08-16,40.33643341064453,14.459575653076172
2017-08-17,39.1207275390625,14.037890434265137
2017-08-18,40.1912727355957,14.217727661132812
2017-08-21,39.2931022644043,14.032576560974121
2017-08-22,40.42070007324219,14.51184368133545
2017-08-23,40.02967834472656,14.324919700622559
2017-08-24,39.756866455078125,14.069780349731445
2017-08-25,39.38404083251953,13.984736442565918
2017-08-28,39.67504119873047,14.233675003051758
2017-08-29,40.02967834472656,14.379846572875977
2017-08-30,41.34823989868164,14.616382598876953
2017-08-31,41.029964447021484,14.704086303710938
2017-09-01,41.011756896972656,14.782049179077148
2017-09-05,40.447975158691406,14.537534713745117
2017-09-06,40.67531204223633,14.618151664733887
2017-09-07,41.12089538574219,14.935302734375
2017-09-08,40.32975387573242,14.683709144592285
2017-09-11,41.44826126098633,15.056670188903809
2017-09-12,41.51191329956055,15.248530387878418
2017-09-13,41.93931579589844,15.235208511352539
2017-09-14,42.785011291503906,15.329360008239746
2017-09-15,42.866851806640625,15.365782737731934
2017-09-18,43.694374084472656,15.749505996704102
2017-09-19,43.88532638549805,15.732625007629395
2017-09-20,42.994163513183594,15.368448257446289
2017-09-21,42.87594223022461,15.302718162536621
2017-09-22,43.43973922729492,15.69798469543457
2017-09-25,42.130271911621094,15.115293502807617
2017-09-26,41.75743865966797,15.05045223236084
2017-09-27,44.41273880004883,15.934252738952637
2017-09-28,46.03139114379883,16.15009880065918
2017-09-29,47.36814498901367,16.43612289428711
2017-10-02,47.35906219482422,16.516948699951172
2017-10-03,47.140811920166016,16.4210205078125
2017-10-04,46.92256164550781,16.43433952331543
2017-10-05,46.767974853515625,16.23893165588379
2017-10-06,47.65004348754883,16.41746711730957
2017-10-09,47.913753509521484,16.402359008789062
2017-10-10,47.82283020019531,16.423677444458008
2017-10-11,48.40481185913086,16.537378311157227
2017-10-12,48.47755432128906,16.609329223632812
2017-10-13,49.05044937133789,16.867809295654297
2017-10-16,50.05073165893555,17.086313247680664
2017-10-17,50.132572174072266,17.280839920043945
2017-10-18,50.32353973388672,17.808454513549805
2017-10-19,50.314453125,17.851980209350586
2017-10-20,51.00555419921875,18.2392635345459
2017-10-23,51.26015853881836,18.288114547729492
2017-10-24,51.269264221191406,18.283668518066406
2017-10-25,50.287166595458984,18.037628173828125
2017-10-26,50.86005401611328,18.367162704467773
2017-10-27,51.55115509033203,18.47553062438965
2017-10-30,50.832767486572266,18.31565284729004
2017-10-31,51.314727783203125,18.526161193847656
2017-11-01,50.65998840332031,18.024303436279297
2017-11-02,51.160152435302734,18.370723724365234
2017-11-03,51.42385482788086,18.39292335510254
2017-11-06,51.22380065917969,18.357397079467773
2017-11-07,51.35110092163086,18.58123207092285
2017-11-08,51.76029968261719,18.763324737548828
2017-11-09,50.450843811035156,18.323644638061523
2017-11-10,51.251075744628906,18.421348571777344
2017-11-13,51.86034393310547,18.584787368774414
2017-11-14,51.305641174316406,18.532381057739258
2017-11-15,50.714561462402344,18.463096618652344
2017-11-16,52.596920013427734,18.939197540283203
2017-11-17,51.36929702758789,18.69493293762207
2017-11-20,52.39685821533203,19.106184005737305
2017-11-21,53.46989822387695,19.444612503051758
2017-11-22,52.54076385498047,19.11240577697754
2017-11-24,52.750274658203125,19.259857177734375
2017-11-27,51.86671447753906,18.73578643798828
2017-11-28,52.22196578979492,18.932090759277344
2017-11-29,48.19578552246094,17.288835525512695
2017-11-30,48.06825637817383,17.083648681640625
2017-12-01,47.284873962402344,16.682161331176758
2017-12-04,45.33556365966797,16.05417251586914
2017-12-05,45.6179313659668,16.080001831054688
2017-12-06,46.465065002441406,16.409564971923828
2017-12-07,47.64012908935547,16.84868621826172
2017-12-08,46.84764862060547,16.608196258544922
2017-12-11,47.020713806152344,16.528030395507812
2017-12-12,45.97318649291992,16.172636032104492
2017-12-13,46.23733139038086,16.149484634399414
2017-12-14,46.738338470458984,16.219846725463867
2017-12-15,47.858734130859375,16.595718383789062
2017-12-18,48.64210891723633,16.840667724609375
2017-12-19,48.24131774902344,16.5770206451416
2017-12-20,48.54191970825195,16.819297790527344
2017-12-21,47.26666259765625,16.535154342651367
2017-12-22,47.42151641845703,16.628684997558594
2017-12-26,46.501495361328125,16.416685104370117
2017-12-27,47.07536697387695,16.511104583740234
2017-12-28,47.11178970336914,16.526247024536133
2017-12-29,46.56526184082031,16.39531707763672
2018-01-02,48.314186096191406,16.859376907348633
2018-01-03,49.170440673828125,17.146183013916016
2018-01-04,49.452816009521484,17.224563598632812
2018-01-05,49.735198974609375,17.493558883666992
2018-01-08,50.93758010864258,17.62538719177246
2018-01-09,49.97203063964844,17.5977725982666
2018-01-10,48.551025390625,17.07136344909668
2018-01-11,48.45994567871094,16.845125198364258
2018-01-12,48.68766403198242,16.790794372558594
2018-01-16,49.644107818603516,16.95824432373047
2018-01-17,52.23107147216797,18.266700744628906
2018-01-18,52.28572463989258,18.29965591430664
2018-01-19,52.28572463989258,18.484922409057617
2018-01-22,52.34038162231445,18.632781982421875
2018-01-23,52.64097595214844,19.156517028808594
2018-01-24,51.81205749511719,18.680879592895508
2018-01-25,50.791839599609375,17.74740982055664
2018-01-26,52.030670166015625,18.043136596679688
2018-01-29,50.40016174316406,17.45526123046875
2018-01-30,48.623905181884766,17.019702911376953
2018-01-31,48.851619720458984,17.05889892578125
2018-02-01,48.532806396484375,16.8442325592041
2018-02-02,46.16447830200195,15.949070930480957
2018-02-05,44.005638122558594,15.173254013061523
2018-02-06,45.77277755737305,15.884934425354004
2018-02-07,44.35175704956055,15.287269592285156
2018-02-08,41.6737174987793,14.449997901916504
2018-02-09,43.796112060546875,14.77421760559082
2018-02-12,45.08961486816406,15.404845237731934
2018-02-13,45.13515853881836,15.37010669708252
2018-02-14,47.33042907714844,16.300901412963867
2018-02-15,49.1795539855957,16.5413875579834
2018-02-16,50.126888275146484,16.737348556518555
2018-02-20,51.70561599731445,17.229904174804688
2018-02-21,51.221954345703125,16.854917526245117
2018-02-22,51.16720199584961,16.777429580688477
2018-02-23,52.02503204345703,17.19962501525879
2018-02-26,53.66762161254883,17.674379348754883
2018-02-27,52.59992599487305,17.232580184936523
2018-02-28,52.55430603027344,17.089183807373047
2018-03-01,52.07976531982422,16.929738998413086
2018-03-02,52.955814361572266,17.326997756958008
2018-03-05,52.590797424316406,17.698427200317383
2018-03-06,54.74443435668945,18.56816291809082
2018-03-07,54.224273681640625,18.90749168395996
2018-03-08,54.178646087646484,18.996789932250977
2018-03-09,56.22279357910156,20.087087631225586
2018-03-12,55.63874435424805,20.41748046875
2018-03-13,54.470672607421875,19.99957847595215
2018-03-14,54.96345520019531,19.88080596923828
2018-03-15,55.00908279418945,19.920103073120117
2018-03-16,54.242523193359375,19.816518783569336
2018-03-19,53.38473129272461,19.42897605895996
2018-03-20,54.050899505615234,19.56737518310547
2018-03-21,55.46535873413086,20.027259826660156
2018-03-22,53.80448913574219,19.182519912719727
2018-03-23,50.53753662109375,18.09400177001953
2018-03-26,53.35734939575195,19.195024490356445
2018-03-27,50.59228515625,18.093103408813477
2018-03-28,49.33296203613281,17.52072525024414
2018-03-29,50.74742889404297,18.14133644104004
2018-04-02,48.2652702331543,17.311767578125
2018-04-03,49.25996780395508,17.677886962890625
2018-04-04,50.70180892944336,18.008281707763672
2018-04-05,49.5428581237793,17.414464950561523
2018-04-06,47.763362884521484,17.024240493774414
2018-04-09,48.383888244628906,17.244802474975586
2018-04-10,50.00825500488281,17.874338150024414
2018-04-11,50.14513397216797,17.93595314025879
2018-04-12,51.4957275390625,18.396718978881836
2018-04-13,51.16720199584961,18.19312286376953
2018-04-16,51.89726257324219,18.1761474609375
2018-04-17,52.8006706237793,18.96017837524414
2018-04-18,49.94438171386719,18.195796966552734
2018-04-19,46.71391296386719,17.00102424621582
2018-04-20,46.622657775878906,17.13675308227539
2018-04-23,45.792232513427734,17.132293701171875
2018-04-24,44.45988845825195,16.592941284179688
2018-04-25,44.843177795410156,16.668840408325195
2018-04-26,46.07512664794922,17.00191879272461
2018-04-27,45.0804328918457,16.721525192260742
2018-04-30,45.326820373535156,16.525075912475586
2018-05-01,46.45839309692383,17.00102424621582
2018-05-02,46.11161422729492,16.92333984375
2018-05-03,46.2758903503418,16.915300369262695
2018-05-04,47.964134216308594,17.45464515686035
2018-05-07,47.99150085449219,17.276948928833008
2018-05-08,48.77628707885742,17.400171279907227
2018-05-09,49.3968391418457,17.83415412902832
2018-05-10,50.67443084716797,18.21722984313965
2018-05-11,50.04476547241211,17.9975643157959
2018-05-14,50.42803192138672,18.219017028808594
2018-05-15,49.36033630371094,18.054710388183594
2018-05-16,50.34589767456055,18.4761905670166
2018-05-17,49.241695404052734,18.156517028808594
2018-05-18,45.180816650390625,17.456432342529297
2018-05-21,45.62797546386719,17.847545623779297
2018-05-22,45.856117248535156,18.125259399414062
2018-05-23,46.121803283691406,18.154720306396484
2018-05-24,46.51577377319336,18.249378204345703
2018-05-25,46.589073181152344,18.040428161621094
2018-05-29,47.66103744506836,17.884157180786133
2018-05-30,47.267051696777344,18.022565841674805
2018-05-31,46.524932861328125,17.696645736694336
2018-06-01,47.86260223388672,18.098468780517578
2018-06-04,47.90841293334961,18.26902198791504
2018-06-05,48.476463317871094,18.12088966369629
2018-06-06,48.128292083740234,17.920686721801758
2018-06-07,46.9555549621582,16.952871322631836
2018-06-08,46.86392593383789,16.881044387817383
2018-06-11,45.70951843261719,16.49320411682129
2018-06-12,46.598228454589844,16.78229331970215
2018-06-13,46.70817947387695,16.572208404541016
2018-06-14,45.526268005371094,16.26517105102539
2018-06-15,45.178123474121094,16.01738166809082
2018-06-18,44.271080017089844,15.639405250549316
2018-06-19,44.4818000793457,15.563101768493652
2018-06-20,44.50929260253906,15.669933319091797
2018-06-21,44.884925842285156,15.805505752563477
2018-06-22,43.941226959228516,15.684304237365723
2018-06-25,42.79597473144531,15.353019714355469
2018-06-26,42.75932693481445,15.615175247192383
2018-06-27,41.458316802978516,15.244388580322266
2018-06-28,41.49496841430664,15.340447425842285
2018-06-29,42.319557189941406,15.518209457397461
2018-07-02,41.8522834777832,15.536166191101074
2018-07-03,41.0460205078125,15.01545238494873
2018-07-05,41.632408142089844,15.425734519958496
2018-07-06,42.26457214355469,15.608885765075684
2018-07-09,42.62189483642578,15.892586708068848
2018-07-10,42.82345962524414,15.83692455291748
2018-07-11,41.41252899169922,15.195907592773438
2018-07-12,41.8522834777832,15.38084602355957
2018-07-13,42.26457214355469,15.42304801940918
2018-07-16,42.429500579833984,15.42304801940918
2018-07-17,43.33653259277344,15.912336349487305
2018-07-18,44.234432220458984,16.27863311767578
2018-07-19,42.75932693481445,16.001218795776367
2018-07-20,42.841793060302734,15.96351146697998
2018-07-23,42.53944778442383,15.696870803833008
2018-07-24,42.063011169433594,15.566689491271973
2018-07-25,42.108829498291016,15.513715744018555
2018-07-26,43.217430114746094,15.914132118225098
2018-07-27,44.25274658203125,17.05970573425293
2018-07-30,43.89543151855469,16.863996505737305
2018-07-31,44.55509948730469,17.11536979675293
2018-08-01,43.95040512084961,16.72483253479004
2018-08-02,44.07866287231445,16.79755401611328
2018-08-03,44.747493743896484,16.814611434936523
2018-08-06,45.3338737487793,16.906187057495117
2018-08-07,45.47130584716797,16.690715789794922
2018-08-08,45.9752197265625,17.05970573425293
2018-08-09,45.040687561035156,16.563230514526367
2018-08-10,44.09699249267578,15.989543914794922
2018-08-13,44.206939697265625,15.994035720825195
2018-08-14,44.3260498046875,15.862956047058105
2018-08-15,43.52894592285156,15.516413688659668
2018-08-16,43.45564651489258,15.647489547729492
2018-08-17,40.10234451293945,15.25426197052002
2018-08-20,39.882450103759766,15.3772611618042
2018-08-21,40.093170166015625,15.656468391418457
2018-08-22,39.56854248046875,15.538860321044922
2018-08-23,39.384464263916016,15.511032104492188
2018-08-24,39.32923126220703,15.483197212219238
2018-08-27,40.26804733276367,15.819866180419922
2018-08-28,39.9459114074707,15.634021759033203
2018-08-29,39.66978073120117,15.497559547424316
2018-08-30,39.70659637451172,15.48409652709961
2018-08-31,39.59614562988281,15.539758682250977
2018-09-04,39.22799301147461,15.438307762145996
2018-09-05,39.1175422668457,15.4454927444458
2018-09-06,37.06501388549805,14.369044303894043
2018-09-07,36.67844772338867,14.326851844787598
2018-09-10,36.44833755493164,14.316078186035156
2018-09-11,36.06175994873047,14.048484802246094
2018-09-12,35.33462905883789,13.593764305114746
2018-09-13,35.79484558105469,13.842368125915527
2018-09-14,35.988128662109375,13.873104095458984
2018-09-17,35.619972229003906,13.750158309936523
2018-09-18,36.07096862792969,13.890286445617676
2018-09-19,35.93291091918945,13.848697662353516
2018-09-20,36.255062103271484,14.037639617919922
2018-09-21,36.47594451904297,14.073797225952148
2018-09-24,35.988128662109375,13.988825798034668
2018-09-25,35.509521484375,13.676935195922852
2018-09-26,35.21498489379883,13.452736854553223
2018-09-27,35.29780960083008,13.611844062805176
2018-09-28,35.57394027709961,13.713995933532715
2018-10-01,35.288612365722656,13.582011222839355
2018-10-02,35.80404281616211,13.65794849395752
2018-10-03,35.82244873046875,13.756485939025879
2018-10-04,34.87443161010742,13.47081470489502
2018-10-05,34.27616882324219,13.370469093322754
2018-10-08,33.67789077758789,13.205938339233398
2018-10-09,32.87713623046875,13.060391426086426
2018-10-10,31.689804077148438,12.636405944824219
2018-10-11,30.180328369140625,12.441137313842773
2018-10-12,31.008703231811523,12.982645034790039
2018-10-15,30.769393920898438,12.883204460144043
2018-10-16,31.993534088134766,13.132712364196777
2018-10-17,32.17762756347656,13.305380821228027
2018-10-18,31.22039031982422,13.116439819335938
2018-10-19,31.56094741821289,13.126384735107422
2018-10-22,30.86142921447754,13.04231071472168
2018-10-23,30.85224151611328,13.23396110534668
2018-10-24,29.278324127197266,12.593915939331055
2018-10-25,30.042264938354492,12.887722969055176
2018-10-26,29.784549713134766,12.574934005737305
2018-10-29,28.643239974975586,12.274796485900879
2018-10-30,29.83977699279785,12.590301513671875
2018-10-31,30.263172149658203,12.812687873840332
2018-11-01,32.536582946777344,13.728466033935547
2018-11-02,32.46296310424805,13.696821212768555
2018-11-05,31.58855438232422,13.344256401062012
2018-11-06,32.09478759765625,13.747446060180664
2018-11-07,32.44453048706055,13.713093757629395
2018-11-08,32.159217834472656,13.712191581726074
2018-11-09,31.551746368408203,13.365949630737305
2018-11-12,30.02385902404785,12.919364929199219
2018-11-13,30.824615478515625,13.013384819030762
2018-11-14,30.907468795776367,12.903995513916016
2018-11-15,32.23286056518555,13.234868049621582
2018-11-16,32.582603454589844,13.379514694213867
2018-11-19,31.68059539794922,12.994399070739746
2018-11-20,32.92315673828125,12.968182563781738
2018-11-21,32.57143020629883,13.064908981323242
2018-11-23,32.44186019897461,13.012479782104492
2018-11-26,33.330421447753906,13.271027565002441
2018-11-27,33.32117462158203,13.2737398147583
2018-11-28,34.34855651855469,13.907458305358887
2018-11-29,33.82098388671875,13.808919906616211
2018-11-30,34.505916595458984,14.189512252807617
2018-12-03,35.487030029296875,14.556546211242676
2018-12-04,32.7935791015625,13.625373840332031
2018-12-06,32.108646392822266,13.264914512634277
2018-12-07,31.13677215576172,12.564031600952148
2018-12-10,31.6273250579834,12.544917106628418
2018-12-11,31.488500595092773,12.587699890136719
2018-12-12,31.655101776123047,12.602264404296875
2018-12-13,31.201566696166992,12.630480766296387
2018-12-14,30.220447540283203,12.321907997131348
2018-12-17,30.23894691467285,12.350125312805176
2018-12-18,30.803565979003906,12.554929733276367
2018-12-19,29.18378257751465,11.935059547424316
2018-12-20,28.60066032409668,11.679280281066895
2018-12-21,28.0545654296875,11.574602127075195
2018-12-24,26.83279037475586,11.221429824829102
2018-12-26,28.360008239746094,11.909570693969727
2018-12-27,29.202293395996094,12.131669044494629
2018-12-28,29.970531463623047,12.326459884643555
2018-12-31,30.303752899169922,12.39472770690918
2019-01-02,30.98867416381836,12.588606834411621
2019-01-03,29.193037033081055,11.981476783752441
2019-01-04,31.192304611206055,12.566763877868652
2019-01-07,31.74765396118164,12.678725242614746
2019-01-08,30.461091995239258,12.463907241821289
2019-01-09,31.74765396118164,13.10744857788086
2019-01-10,32.17342758178711,13.159329414367676
2019-01-11,32.191951751708984,13.117459297180176
2019-01-14,31.340412139892578,12.782491683959961
2019-01-15,31.23858642578125,12.743352890014648
2019-01-16,31.13677215576172,12.629570007324219
2019-01-17,31.969802856445312,12.90355110168457
2019-01-18,33.05274200439453,13.430583000183105
2019-01-22,31.877243041992188,12.733335494995117
2019-01-23,31.756912231445312,12.682363510131836
2019-01-24,35.005733489990234,14.673056602478027
2019-01-25,36.27379608154297,15.063552856445312
2019-01-28,35.82025146484375,15.115434646606445
2019-01-29,35.357444763183594,15.018035888671875
2019-01-30,36.653282165527344,15.558714866638184
2019-01-31,36.17198944091797,15.435840606689453
2019-02-01,36.38486862182617,15.726203918457031
2019-02-04,36.00535583496094,15.761701583862305
2019-02-05,36.20899200439453,15.809946060180664
2019-02-06,37.282676696777344,16.120342254638672
2019-02-07,36.94947052001953,15.994722366333008
2019-02-08,36.819881439208984,15.956498146057129
2019-02-11,36.930965423583984,16.012929916381836
2019-02-12,37.66217041015625,16.316038131713867
2019-02-13,37.81025695800781,16.47624397277832
2019-02-14,37.680686950683594,16.5053653717041
2019-02-15,36.19048309326172,16.483522415161133
2019-02-19,36.37560272216797,16.41252899169922
2019-02-20,36.282562255859375,16.585474014282227
2019-02-21,36.12441635131836,16.276891708374023
2019-02-22,36.68260192871094,16.313316345214844
2019-02-25,36.89657974243164,16.347896575927734
2019-02-26,36.822147369384766,16.253231048583984
2019-02-27,36.07789611816406,16.129438400268555
2019-02-28,35.66855239868164,16.02840805053711
2019-03-01,35.87322998046875,16.088478088378906
2019-03-04,36.35700607299805,16.181324005126953
2019-03-05,36.217445373535156,15.796292304992676
2019-03-06,35.4173698425293,15.400341033935547
2019-03-07,34.952205657958984,15.215556144714355
2019-03-08,35.1103630065918,15.367571830749512
2019-03-11,35.82670593261719,15.657026290893555
2019-03-12,36.01277542114258,15.661575317382812
2019-03-13,35.91044616699219,15.511391639709473
2019-03-14,36.217445373535156,16.068458557128906
2019-03-15,37.575714111328125,16.601852416992188
2019-03-18,37.212894439697266,16.40251350402832
2019-03-19,37.5571174621582,16.425405502319336
2019-03-20,36.81285095214844,16.094791412353516
2019-03-21,38.45022201538086,16.832956314086914
2019-03-22,37.082645416259766,16.434568405151367
2019-03-25,36.654693603515625,16.40159797668457
2019-03-26,36.8686637878418,16.489517211914062
2019-03-27,36.217445373535156,16.268802642822266
2019-03-28,35.82670593261719,16.089298248291016
2019-03-29,36.89657974243164,16.394269943237305
2019-04-01,38.264156341552734,16.915374755859375
2019-04-02,38.133907318115234,16.875085830688477
2019-04-03,39.47357177734375,17.54180908203125
2019-04-04,39.65034866333008,17.495094299316406
2019-04-05,40.04106903076172,17.87241554260254
2019-04-08,39.929443359375,17.728628158569336
2019-04-09,39.08283233642578,17.442893981933594
2019-04-10,39.23169708251953,17.477697372436523
2019-04-11,39.51078796386719,17.52074432373047
2019-04-12,39.99455642700195,17.77442741394043
2019-04-15,39.73405838012695,17.65811538696289
2019-04-16,40.67368698120117,17.82387924194336
2019-04-17,40.83184051513672,17.976821899414062
2019-04-18,40.88766860961914,17.837614059448242
2019-04-22,40.73881149291992,17.87883186340332
2019-04-23,40.776031494140625,17.83853530883789
2019-04-24,41.36213302612305,17.89898109436035
2019-04-25,41.35282516479492,18.78183937072754
2019-04-26,41.54819107055664,18.901811599731445
2019-04-29,41.15745162963867,18.877086639404297
2019-04-30,40.999298095703125,18.99705696105957
2019-05-01,40.35737991333008,18.67926597595215
2019-05-02,40.65508270263672,18.943016052246094
2019-05-03,40.8969612121582,19.029111862182617
2019-05-06,40.106197357177734,18.732385635375977
2019-05-07,39.12004470825195,18.31110191345215
2019-05-08,38.68280029296875,18.2900390625
2019-05-09,38.0873908996582,18.191131591796875
2019-05-10,37.95714569091797,18.124277114868164
2019-05-13,36.366294860839844,17.245071411132812
2019-05-14,37.22218704223633,17.62422752380371
2019-05-15,38.608375549316406,17.90264320373535
2019-05-16,38.75723648071289,17.80923080444336
2019-05-17,39.724754333496094,17.78175163269043
2019-05-20,37.53850173950195,16.82105255126953
2019-05-21,38.394386291503906,17.117774963378906
2019-05-22,37.86140441894531,17.14250373840332
2019-05-23,37.34711456298828,16.98406410217285
2019-05-24,36.9356689453125,16.658946990966797
2019-05-28,36.47747802734375,16.386030197143555
2019-05-29,36.81410598754883,16.265140533447266
2019-05-30,37.169437408447266,16.358549118041992
2019-05-31,36.178260803222656,15.991304397583008
2019-06-03,36.26240921020508,15.791654586791992
2019-06-04,37.79594802856445,16.523401260375977
2019-06-05,37.95491027832031,16.69740867614746
2019-06-06,38.69362258911133,16.909883499145508
2019-06-07,38.8151741027832,17.096708297729492
2019-06-10,40.33937072753906,17.50792121887207
2019-06-11,40.90976333618164,17.494102478027344
2019-06-12,38.805824279785156,16.56928825378418
2019-06-13,38.94610595703125,16.597837448120117
2019-06-14,38.5533561706543,16.28558349609375
2019-06-17,37.870750427246094,15.890412330627441
2019-06-18,39.56325149536133,16.62087631225586
2019-06-19,39.76897048950195,16.71114158630371
2019-06-20,40.404823303222656,16.94510269165039
2019-06-21,40.17106246948242,16.859447479248047
2019-06-24,39.58195495605469,16.697324752807617
2019-06-25,39.254676818847656,16.195308685302734
2019-06-26,40.75079345703125,16.6982479095459
2019-06-27,41.78874206542969,17.144996643066406
2019-06-28,41.994449615478516,17.302507400512695
2019-07-01,42.7144660949707,17.624906539916992
2019-07-02,41.76069259643555,17.242631912231445
2019-07-03,41.770042419433594,17.02800750732422
2019-07-05,41.124839782714844,16.91562843322754
2019-07-08,40.629241943359375,16.70929718017578
2019-07-09,41.11548614501953,16.864049911499023
2019-07-10,41.816802978515625,16.969064712524414
2019-07-11,42.34044647216797,17.03077507019043
2019-07-12,43.49058532714844,17.615690231323242
2019-07-15,43.2755126953125,17.754779815673828
2019-07-16,43.023048400878906,17.483970642089844
2019-07-17,43.219417572021484,17.659908294677734
2019-07-18,45.04281997680664,18.259557723999023
2019-07-19,44.706199645996094,18.281667709350586
2019-07-22,47.436622619628906,19.08673858642578
2019-07-23,47.71714782714844,19.321624755859375
2019-07-24,48.755088806152344,19.986682891845703
2019-07-25,47.52078628540039,19.412817001342773
2019-07-26,47.44599151611328,19.412817001342773
2019-07-29,47.38051986694336,19.419261932373047
2019-07-30,47.436622619628906,19.465322494506836
2019-07-31,46.164913177490234,19.215694427490234
2019-08-01,45.32333755493164,18.953168869018555
2019-08-02,44.463077545166016,18.799341201782227
2019-08-05,42.508750915527344,17.826631546020508
2019-08-06,43.32227325439453,17.917821884155273
2019-08-07,43.64955139160156,18.093753814697266
2019-08-08,44.75294494628906,18.558927536010742
2019-08-09,44.08903503417969,17.99151039123535
2019-08-12,43.4438362121582,18.082706451416016
2019-08-13,44.93996810913086,18.94672393798828
2019-08-14,43.67759704589844,18.2844295501709
2019-08-15,44.0984001159668,18.32404327392578
2019-08-16,43.602806091308594,18.893299102783203
2019-08-19,44.04227828979492,19.16411018371582
2019-08-20,43.69630432128906,19.045289993286133
2019-08-21,43.98748779296875,19.158586502075195
2019-08-22,44.17534255981445,19.38610076904297
2019-08-23,42.381290435791016,18.458524703979492
2019-08-26,42.8415412902832,18.546035766601562
2019-08-27,42.74760818481445,18.401411056518555
2019-08-28,43.11394119262695,18.7247314453125
2019-08-29,44.4383544921875,19.128185272216797
2019-08-30,45.10525894165039,19.39070701599121
2019-09-03,44.720149993896484,19.614547729492188
2019-09-04,46.50481414794922,20.412240982055664
2019-09-05,47.2938346862793,20.885705947875977
2019-09-06,47.05900573730469,20.994396209716797
2019-09-09,47.58501052856445,21.217309951782227
2019-09-10,47.14354705810547,21.36469078063965
2019-09-11,48.430381774902344,21.555362701416016
2019-09-12,48.139198303222656,21.634584426879883
2019-09-13,48.23313522338867,21.69814109802246
2019-09-16,47.829227447509766,21.641029357910156
2019-09-17,48.09223556518555,21.810514450073242
2019-09-18,48.9282112121582,21.88973617553711
2019-09-19,48.54309844970703,21.817888259887695
2019-09-20,47.86680603027344,21.67510986328125
2019-09-23,48.618247985839844,21.945005416870117
2019-09-24,48.05466079711914,21.725770950317383
2019-09-25,48.777923583984375,22.254499435424805
2019-09-26,48.98457336425781,22.367801666259766
2019-09-27,46.42966842651367,21.193357467651367
2019-09-30,46.87114334106445,21.39517593383789
2019-10-01,46.983863830566406,21.328521728515625
2019-10-02,46.457855224609375,21.107263565063477
2019-10-03,46.62692642211914,21.204471588134766
2019-10-04,47.79166030883789,21.595142364501953
2019-10-07,47.57562255859375,21.49053382873535
2019-10-08,46.316959381103516,21.079496383666992
2019-10-09,47.754093170166016,21.582172393798828
2019-10-10,47.91376495361328,21.72011947631836
2019-10-11,48.60883712768555,21.948776245117188
2019-10-14,48.787322998046875,21.873790740966797
2019-10-15,49.69844055175781,22.4079532623291
2019-10-16,48.430381774902344,21.733078002929688
2019-10-17,48.975181579589844,21.857135772705078
2019-10-18,48.54309844970703,21.634944915771484
2019-10-21,49.444820404052734,22.075607299804688
2019-10-22,48.824886322021484,21.746959686279297
2019-10-23,47.46290588378906,21.586807250976562
2019-10-24,51.727333068847656,24.588115692138672
2019-10-25,52.33788299560547,25.00007438659668
2019-10-28,53.49320983886719,26.036928176879883
2019-10-29,52.150020599365234,25.596261978149414
2019-10-30,51.85882568359375,25.6953182220459
2019-10-31,50.966487884521484,25.091726303100586
2019-11-01,52.093658447265625,25.760122299194336
2019-11-04,52.3566780090332,25.745311737060547
2019-11-05,52.48817443847656,25.73141860961914
2019-11-06,52.431800842285156,25.505537033081055
2019-11-07,52.54452133178711,25.375932693481445
2019-11-08,52.629066467285156,25.243547439575195
2019-11-11,53.15507125854492,25.112092971801758
2019-11-12,52.99538803100586,24.996368408203125
2019-11-13,53.65290832519531,25.22317886352539
2019-11-14,53.50260543823242,25.466650009155273
2019-11-15,58.29304504394531,26.26188087463379
2019-11-18,58.565452575683594,26.17115592956543
2019-11-19,57.24103546142578,25.621257781982422
2019-11-20,56.22308349609375,25.377790451049805
2019-11-21,53.19749069213867,24.43073272705078
2019-11-22,52.726226806640625,24.252988815307617
2019-11-25,54.93178939819336,24.90379524230957
2019-11-26,54.26258087158203,24.954710006713867
2019-11-27,54.94120788574219,25.082468032836914
2019-11-29,54.57362365722656,24.701984405517578
2019-12-02,53.44255828857422,24.34186363220215
2019-12-03,52.160701751708984,23.869728088378906
2019-12-04,52.86760711669922,24.33538246154785
2019-12-05,52.63196563720703,24.515897750854492
2019-12-06,53.34830093383789,24.982486724853516
2019-12-09,53.34830093383789,24.81214714050293
2019-12-10,53.36713790893555,25.00925636291504
2019-12-11,55.648128509521484,25.6052188873291
2019-12-12,56.89228439331055,26.469884872436523
2019-12-13,56.4304313659668,26.214200973510742
2019-12-16,56.515262603759766,26.428037643432617
2019-12-17,57.297584533691406,27.015642166137695
2019-12-18,56.91114807128906,26.7785587310791
2019-12-19,57.184478759765625,27.268535614013672
2019-12-20,58.258975982666016,27.651596069335938
2019-12-23,57.57093048095703,27.37638282775879
2019-12-24,57.966793060302734,27.379173278808594
2019-12-26,57.787715911865234,27.420085906982422
2019-12-27,57.6557502746582,27.306655883789062
2019-12-30,57.429534912109375,27.198806762695312
2019-12-31,57.533226013183594,27.185787200927734
2020-01-02,58.626583099365234,27.696218490600586
2020-01-03,57.693458557128906,27.398696899414062
2020-01-06,56.44928741455078,26.887340545654297
2020-01-07,58.07990646362305,27.542810440063477
2020-01-08,58.04220199584961,27.889606475830078
2020-01-09,58.40979766845703,27.69993782043457
2020-01-10,57.93852615356445,27.366159439086914
2020-01-13,58.258975982666016,27.640430450439453
2020-01-14,58.76795959472656,27.963054656982422
2020-01-15,58.37208557128906,27.738054275512695
2020-01-16,59.578548431396484,28.445598602294922
2020-01-17,59.239234924316406,28.63619041442871
2020-01-21,59.56913757324219,28.699417114257812
2020-01-22,60.21949005126953,28.946725845336914
2020-01-23,60.21949005126953,29.047142028808594
2020-01-24,58.43806838989258,28.500446319580078
2020-01-27,55.657535552978516,27.31502342224121
2020-01-28,56.7320556640625,28.049522399902344
2020-01-29,56.38331604003906,27.726898193359375
2020-01-30,56.788604736328125,28.910470962524414
2020-01-31,54.6584358215332,27.725969314575195
2020-02-03,56.2890510559082,28.677101135253906
2020-02-04,59.390052795410156,30.253950119018555
2020-02-05,60.134666442871094,30.274404525756836
2020-02-06,59.55970001220703,30.079160690307617
2020-02-07,58.16472244262695,29.324203491210938
2020-02-10,59.305213928222656,29.736082077026367
2020-02-11,60.74730682373047,30.279054641723633
2020-02-12,61.61445999145508,31.11117172241211
2020-02-13,63.49956130981445,31.758277893066406
2020-02-14,63.00944137573242,31.54630470275879
2020-02-18,61.610076904296875,30.248376846313477
2020-02-19,63.73749542236328,31.03958511352539
2020-02-20,62.78252029418945,30.541242599487305
2020-02-21,60.7685432434082,29.45437240600586
2020-02-24,57.752342224121094,27.935161590576172
2020-02-25,55.65328598022461,27.169052124023438
2020-02-26,56.55153274536133,27.576282501220703
2020-02-27,53.89462661743164,26.562856674194336
2020-02-28,54.95361328125,27.28154945373535
2020-03-02,56.882469177246094,27.923078536987305
2020-03-03,54.87796401977539,27.0983943939209
2020-03-04,57.22284698486328,28.472558975219727
2020-03-05,55.90857696533203,27.811511993408203
2020-03-06,54.641578674316406,27.372665405273438
2020-03-09,49.233211517333984,24.88001823425293
2020-03-10,53.109840393066406,26.736724853515625
2020-03-11,49.63032913208008,25.71957778930664
2020-03-12,42.65239334106445,22.11402130126953
2020-03-13,48.117488861083984,24.33890151977539
2020-03-16,38.321922302246094,19.85381317138672
2020-03-17,42.416015625,21.319087982177734
2020-03-18,37.04545974731445,18.05010414123535
2020-03-19,38.000431060791016,18.1309871673584
2020-03-20,35.9202995300293,17.469005584716797
2020-03-23,37.98151397705078,17.930160522460938
2020-03-24,42.680755615234375,21.572315216064453
2020-03-25,42.293094635009766,21.844491958618164
2020-03-26,46.519569396972656,24.350229263305664
2020-03-27,42.59566116333008,22.56188201904297
2020-03-30,44.723087310791016,23.87882423400879
2020-03-31,43.323707580566406,22.447772979736328
2020-04-01,40.94101333618164,20.888595581054688
2020-04-02,40.884281158447266,20.630443572998047
2020-04-03,39.9765739440918,20.40409278869629
2020-04-06,43.635746002197266,23.453250885009766
2020-04-07,44.96892547607422,23.964874267578125
2020-04-08,48.656436920166016,24.949769973754883
2020-04-09,46.88832092285156,24.157548904418945
2020-04-13,47.16251754760742,24.204315185546875
2020-04-14,49.61141586303711,25.488513946533203
2020-04-15,47.62582778930664,24.581253051757812
2020-04-16,49.38448715209961,25.320158004760742
2020-04-17,50.301658630371094,26.0974063873291
2020-04-20,47.87166213989258,24.947898864746094
2020-04-21,45.69696807861328,22.78729820251465
2020-04-22,49.27103042602539,25.42024040222168
2020-04-23,48.126949310302734,24.68881607055664
2020-04-24,48.92119216918945,24.94228744506836
2020-04-27,48.24987030029297,24.730905532836914
2020-04-28,47.6731071472168,24.491458892822266
2020-04-29,51.3795280456543,26.188138961791992
2020-04-30,46.973411560058594,23.876955032348633
2020-05-01,44.33541488647461,21.981983184814453
2020-05-04,44.987831115722656,21.935216903686523
2020-05-05,46.18863296508789,22.710603713989258
2020-05-06,47.74874496459961,22.874286651611328
2020-05-07,48.457889556884766,23.16143035888672
2020-05-08,50.878421783447266,24.823497772216797
2020-05-11,51.06752014160156,24.527000427246094
2020-05-12,49.47903823852539,23.94242286682129
2020-05-13,48.68480682373047,23.21381378173828
2020-05-14,51.46464538574219,25.160221099853516
2020-05-15,49.204833984375,23.555198669433594
2020-05-18,51.3984489440918,24.081785202026367
2020-05-19,52.44798278808594,24.47369384765625
2020-05-20,53.995323181152344,25.363182067871094
2020-05-21,52.22963333129883,24.38389778137207
2020-05-22,51.631595611572266,24.42505645751953
2020-05-26,52.343544006347656,24.913291931152344
2020-05-27,53.5396614074707,25.825233459472656
2020-05-28,51.89739227294922,24.956314086914062
2020-05-29,53.330814361572266,25.597013473510742
2020-06-01,52.86566162109375,25.3444766998291
2020-06-02,52.96059036254883,25.390304565429688
2020-06-03,54.878143310546875,26.83350944519043
2020-06-04,55.18191909790039,27.296499252319336
2020-06-05,57.137447357177734,28.519906997680664
2020-06-08,56.86214828491211,27.834312438964844
2020-06-09,56.757728576660156,28.27764892578125
2020-06-10,56.82417678833008,28.18130874633789
2020-06-11,52.5998649597168,26.41635513305664
2020-06-12,53.68205261230469,26.611835479736328
2020-06-15,54.156681060791016,27.23102378845215
2020-06-16,55.57112503051758,28.68558692932129
2020-06-17,56.95708084106445,29.464984893798828
2020-06-18,57.31781005859375,29.560768127441406
2020-06-19,57.85890579223633,29.603023529052734
2020-06-22,58.16267395019531,29.32600975036621
2020-06-23,57.754478454589844,29.671571731567383
2020-06-24,56.92860794067383,28.713756561279297
2020-06-25,56.93809509277344,29.35417938232422
2020-06-26,55.41923904418945,28.407634735107422
2020-06-29,56.06474304199219,28.965417861938477
2020-06-30,57.38426208496094,30.373966217041016
2020-07-01,56.6533088684082,29.81243133544922
2020-07-02,57.90636444091797,30.396507263183594
2020-07-06,60.24161148071289,31.45386505126953
2020-07-07,59.02652359008789,30.789958953857422
2020-07-08,59.586585998535156,31.34493064880371
2020-07-09,60.270084381103516,31.528980255126953
2020-07-10,59.41573715209961,31.925249099731445
2020-07-13,58.39049530029297,31.658567428588867
2020-07-14,59.368255615234375,32.49618148803711
2020-07-15,58.95056915283203,32.229496002197266
2020-07-16,59.17839813232422,32.385372161865234
2020-07-17,59.14043426513672,32.51590347290039
2020-07-20,60.497920989990234,33.21828842163086
2020-07-21,60.57386016845703,33.525360107421875
2020-07-22,60.96305847167969,33.989253997802734
2020-07-23,60.402984619140625,33.31877899169922
2020-07-24,57.54563903808594,32.46426010131836
2020-07-27,59.81442642211914,33.6248893737793
2020-07-28,59.14043426513672,32.765689849853516
2020-07-29,60.04225158691406,33.88314437866211
2020-07-30,61.15291976928711,35.5461540222168
2020-07-31,61.067481994628906,35.41657257080078
2020-08-03,61.71299743652344,35.8156623840332
2020-08-04,61.561092376708984,36.14901351928711
2020-08-05,61.580101013183594,36.009098052978516
2020-08-06,60.384010314941406,35.47761535644531
2020-08-07,60.346031188964844,34.973350524902344
2020-08-10,61.931331634521484,35.28512191772461
2020-08-11,61.190887451171875,34.651268005371094
2020-08-12,63.127437591552734,35.825992584228516
2020-08-13,61.769954681396484,35.4034309387207
2020-08-14,64.19063568115234,35.08604049682617
2020-08-17,63.545127868652344,35.59687423706055
2020-08-18,63.060970306396484,35.173362731933594
2020-08-19,62.737152099609375,34.94988250732422
2020-08-20,60.75606918334961,33.664344787597656
2020-08-21,59.30836868286133,33.189186096191406
2020-08-24,60.70846176147461,32.961936950683594
2020-08-25,61.003719329833984,33.10092544555664
2020-08-26,60.72749710083008,33.03519058227539
2020-08-27,59.07978820800781,32.063289642333984
2020-08-28,60.0703239440918,32.93941116333008
2020-08-31,58.67024230957031,31.583431243896484
2020-09-01,58.94644546508789,31.97972297668457
2020-09-02,61.984718322753906,34.05874252319336
2020-09-03,58.53689193725586,32.07080078125
2020-09-04,58.0606803894043,31.281070709228516
2020-09-08,52.984188079833984,28.426414489746094
2020-09-09,52.574623107910156,28.256450653076172
2020-09-10,52.49842071533203,27.93717384338379
2020-09-11,52.38413619995117,27.60663604736328
2020-09-14,53.774688720703125,28.679950714111328
2020-09-15,54.47950744628906,29.009553909301758
2020-09-16,53.78422546386719,28.790756225585938
2020-09-17,53.6604118347168,28.724088668823242
2020-09-18,53.47945022583008,28.848037719726562
2020-09-21,54.59379959106445,29.575790405273438
2020-09-22,55.136695861816406,29.926050186157227
2020-09-23,54.52711868286133,29.769235610961914
2020-09-24,55.04143524169922,30.72234535217285
2020-09-25,55.46052551269531,31.013452529907227
2020-09-28,56.53677749633789,31.60879135131836
2020-09-29,56.8129768371582,31.83503532409668
2020-09-30,56.62248992919922,31.273204803466797
2020-10-01,57.765419006347656,31.96889877319336
2020-10-02,55.441471099853516,30.98662567138672
2020-10-05,57.717796325683594,32.26112747192383
2020-10-06,57.527313232421875,32.14329528808594
2020-10-07,58.213069915771484,32.59483337402344
2020-10-08,59.622676849365234,33.50545883178711
2020-10-09,60.27985382080078,34.191734313964844
2020-10-12,61.60375213623047,34.889305114746094
2020-10-13,61.613277435302734,35.2739143371582
2020-10-14,60.93703842163086,35.278621673583984
2020-10-15,60.48939514160156,35.39645767211914
2020-10-16,60.0036506652832,34.403831481933594
2020-10-19,59.09883117675781,34.272796630859375
2020-10-20,59.29884338378906,34.272796630859375
2020-10-21,59.155975341796875,34.560306549072266
2020-10-22,58.76548767089844,33.748661041259766
2020-10-23,58.051151275634766,33.36310577392578
2020-10-26,56.67963790893555,32.77017593383789
2020-10-27,56.031978607177734,32.411956787109375
2020-10-28,54.59379959106445,31.947219848632812
2020-10-29,56.67011642456055,33.30089569091797
2020-10-30,56.41294860839844,32.246986389160156
2020-11-02,57.46063232421875,33.08313751220703
2020-11-03,58.889305114746094,34.928897857666016
2020-11-04,61.77519607543945,35.853660583496094
2020-11-05,66.62308502197266,37.67961502075195
2020-11-06,67.17550659179688,38.59495162963867
2020-11-09,67.9089126586914,39.24162292480469
2020-11-10,66.08972930908203,38.4488410949707
2020-11-11,67.77554321289062,39.96936798095703
2020-11-12,66.480224609375,39.447139739990234
2020-11-13,69.34708404541016,40.1871337890625
2020-11-16,70.9376449584961,41.41071319580078
2020-11-17,70.8328857421875,40.7169075012207
2020-11-18,72.32307434082031,40.56608581542969
2020-11-19,73.7942123413086,41.25895309448242
2020-11-20,73.28793334960938,40.878116607666016
2020-11-23,76.89881134033203,42.301551818847656
2020-11-24,79.23922729492188,42.08473205566406
2020-11-25,77.51017761230469,42.11678695678711
2020-11-27,78.9621810913086,43.03682327270508
2020-11-30,78.79023742675781,42.67107009887695
2020-12-01,80.50016021728516,44.084136962890625
2020-12-02,81.47451782226562,45.17481994628906
2020-12-03,82.24830627441406,45.632022857666016
2020-12-04,84.86570739746094,47.131805419921875
2020-12-07,85.15229034423828,47.95193099975586
2020-12-08,85.7350082397461,48.356422424316406
2020-12-09,83.89134216308594,46.67133331298828
2020-12-10,83.95821380615234,46.323543548583984
2020-12-11,84.3498764038086,46.470035552978516
2020-12-14,84.54093170166016,46.48609924316406
2020-12-15,84.51227569580078,46.81310272216797
2020-12-16,84.58869171142578,46.622196197509766
2020-12-17,83.58565521240234,45.95402145385742
2020-12-18,82.23872375488281,45.4559440612793
2020-12-21,82.54443359375,45.66954803466797
2020-12-22,81.80886840820312,45.07603073120117
2020-12-23,80.2708969116211,44.5259895324707
2020-12-24,81.51274108886719,45.39640808105469
2020-12-28,81.07331848144531,44.995689392089844
2020-12-29,80.50016021728516,44.72350311279297
2020-12-30,83.08892059326172,45.784847259521484
2020-12-31,82.43936157226562,44.633724212646484
2021-01-04,82.98384094238281,45.17714309692383
2021-01-05,85.59172058105469,46.73938751220703
2021-01-06,86.76670837402344,46.92273712158203
2021-01-07,90.3298110961914,48.621055603027344
2021-01-08,91.28509521484375,47.408504486083984
2021-01-11,93.57772064208984,48.81195068359375
2021-01-12,95.53601837158203,50.698360443115234
2021-01-13,93.6637191772461,49.758941650390625
2021-01-14,101.06700897216797,52.71613311767578
2021-01-15,98.52601623535156,51.746463775634766
2021-01-19,104.33403015136719,54.81706619262695
2021-01-20,103.01573181152344,53.20851516723633
2021-01-21,103.13993835449219,53.320980072021484
2021-01-22,101.57329559326172,53.288848876953125
2021-01-25,103.2832260131836,53.658382415771484
2021-01-26,100.8091049194336,52.231292724609375
2021-01-27,94.16999816894531,48.675872802734375
2021-01-28,96.62504577636719,47.9490966796875
2021-01-29,92.3550033569336,45.737586975097656
2021-02-01,96.68233489990234,47.39148712158203
2021-02-02,98.95587158203125,48.77320861816406
2021-02-03,95.40229797363281,47.66368103027344
2021-02-04,98.62152099609375,49.100215911865234
2021-02-05,96.20470428466797,48.17686080932617
2021-02-08,101.43956756591797,50.35245132446289
2021-02-09,100.66580200195312,49.90826416015625
2021-02-10,101.14344024658203,50.32599639892578
2021-02-11,107.94490814208984,54.078948974609375
2021-02-12,111.47938537597656,55.397342681884766
2021-02-16,113.05557250976562,55.92942428588867
2021-02-17,110.53367614746094,55.373722076416016
2021-02-18,108.3556900024414,54.60441589355469
2021-02-19,114.11593627929688,56.555084228515625
2021-02-22,110.07515716552734,53.66215896606445
2021-02-23,110.9444351196289,53.17544174194336
2021-02-24,117.53871154785156,56.412376403808594
2021-02-25,109.03986358642578,51.757808685302734
2021-02-26,113.11702728271484,53.60451126098633
2021-03-01,117.00275421142578,56.5928840637207
2021-03-02,112.45663452148438,54.187618255615234
2021-03-03,110.48505401611328,52.09614181518555
2021-03-04,103.5940933227539,49.97726058959961
2021-03-05,108.58047485351562,51.76253128051758
2021-03-08,101.14397430419922,47.50112533569336
2021-03-09,109.31741333007812,51.36654281616211
2021-03-10,107.84353637695312,49.02177429199219
2021-03-11,112.1599349975586,50.5991325378418
2021-03-12,109.38441467285156,49.60016632080078
2021-03-15,109.94908142089844,50.7276611328125
2021-03-16,113.41371154785156,51.83893966674805
2021-03-17,114.75362396240234,52.39126205444336
2021-03-18,109.37483978271484,51.080074310302734
2021-03-19,109.92996978759766,51.377567291259766
2021-03-22,114.20809936523438,53.056331634521484
2021-03-23,111.38471984863281,51.576515197753906
2021-03-24,115.9021224975586,52.33820724487305
2021-03-25,114.58134460449219,51.91947555541992
2021-03-26,123.11848449707031,55.348995208740234
2021-03-29,120.3142318725586,54.028343200683594
2021-03-30,121.3191909790039,54.243404388427734
2021-03-31,127.86557006835938,56.392059326171875
2021-04-01,135.4456024169922,60.56624984741211
2021-04-05,136.9099884033203,62.603111267089844
2021-04-06,133.55062866210938,61.81489944458008
2021-04-07,133.1678009033203,62.41173553466797
2021-04-08,133.36878967285156,63.285221099853516
2021-04-09,132.9477081298828,62.71680450439453
2021-04-12,129.20547485351562,61.60551452636719
2021-04-13,129.3012237548828,61.10529708862305
2021-04-14,128.38243103027344,60.67329788208008
2021-04-15,128.64080810546875,61.53257369995117
2021-04-16,127.99003601074219,60.98403549194336
2021-04-19,125.27186584472656,58.90169143676758
2021-04-20,123.07063293457031,58.07746505737305
2021-04-21,129.25332641601562,60.750972747802734
2021-04-22,126.09500122070312,58.22052001953125
2021-04-23,129.07147216796875,59.4473876953125
2021-04-26,131.40676879882812,60.93287658691406
2021-04-27,130.90907287597656,61.094879150390625
2021-04-28,129.86585998535156,60.44782257080078
2021-04-29,129.57876586914062,60.72446060180664
2021-04-30,127.01378631591797,58.780426025390625
2021-05-03,127.14778900146484,58.47629928588867
2021-05-04,123.1950454711914,57.438926696777344
2021-05-05,124.69766235351562,57.88513946533203
2021-05-06,126.07585144042969,58.49525451660156
2021-05-07,127.24348449707031,59.736328125
2021-05-10,119.33802795410156,55.5593147277832
2021-05-11,118.24694061279297,56.125850677490234
2021-05-12,109.94908142089844,52.832740783691406
2021-05-13,114.77277374267578,55.39636993408203
2021-05-14,119.47203063964844,57.126285552978516
2021-05-17,118.26608276367188,56.091739654541016
2021-05-18,116.58164978027344,55.40583419799805
2021-05-19,119.44329071044922,57.05144119262695
2021-05-20,124.716796875,59.374427795410156
2021-05-21,123.13762664794922,58.17882537841797
2021-05-24,128.80352783203125,60.124752044677734
2021-05-25,131.5981903076172,60.66761016845703
2021-05-26,131.25302124023438,60.446868896484375
2021-05-27,132.1350860595703,61.17256546020508
2021-05-28,132.43235778808594,61.56571960449219
2021-06-01,132.50900268554688,61.48899459838867
2021-06-02,133.27598571777344,61.4842529296875
2021-06-03,130.75448608398438,60.232757568359375
2021-06-04,134.0813751220703,62.0830078125
2021-06-07,133.23765563964844,61.54015350341797
2021-06-08,130.25596618652344,60.400447845458984
2021-06-09,129.09585571289062,60.0726432800293
2021-06-10,131.5023193359375,60.70550537109375
2021-06-11,131.17637634277344,60.832454681396484
2021-06-14,133.29522705078125,61.602684020996094
2021-06-15,132.9212646484375,61.08436584472656
2021-06-16,131.32974243164062,60.63441848754883
2021-06-17,131.65573120117188,60.73312759399414
2021-06-18,125.81693267822266,58.15867614746094
2021-06-21,127.56183624267578,58.72445297241211
2021-06-22,127.93574523925781,59.0253791809082
2021-06-23,129.9108123779297,59.25605392456055
2021-06-24,132.5569305419922,60.281280517578125
2021-06-25,130.5723114013672,59.84650802612305
2021-06-28,135.1743621826172,61.41471862792969
2021-06-29,136.06597900390625,61.87322235107422
2021-06-30,136.52618408203125,61.76974105834961
2021-07-01,132.2597198486328,60.09615707397461
2021-07-02,132.46107482910156,59.941429138183594
2021-07-06,131.1379852294922,59.03581619262695
2021-07-07,129.30677795410156,58.2469596862793
2021-07-08,127.06328582763672,57.5293083190918
2021-07-09,129.3355255126953,58.17672348022461
2021-07-12,131.15716552734375,59.369956970214844
2021-07-13,130.66819763183594,59.298770904541016
2021-07-14,130.0545654296875,58.65420913696289
2021-07-15,127.7056655883789,57.976417541503906
2021-07-16,122.89271545410156,55.86332321166992
2021-07-19,123.31456756591797,56.15190887451172
2021-07-20,126.52640533447266,57.62993240356445
2021-07-21,132.30767822265625,60.49296951293945
2021-07-22,131.521484375,60.36765670776367
2021-07-23,132.7198944091797,60.77964782714844
2021-07-26,132.76785278320312,60.79104232788086
2021-07-27,129.3355255126953,59.101322174072266
2021-07-28,131.55029296875,60.27937698364258
2021-07-29,131.82827758789062,58.82033920288086
2021-07-30,134.15806579589844,60.508155822753906
2021-08-02,136.15223693847656,60.92488479614258
2021-08-03,136.29608154296875,61.27802658081055
2021-08-04,136.871337890625,61.682411193847656
2021-08-05,136.40155029296875,61.29130935668945
2021-08-06,136.76585388183594,61.5096435546875
2021-08-09,136.14266967773438,60.80147933959961
2021-08-10,132.36520385742188,58.58681106567383
2021-08-11,129.2588348388672,57.76567840576172
2021-08-12,123.88983154296875,55.39153289794922
2021-08-13,124.541748046875,55.097251892089844
2021-08-16,126.25799560546875,55.90034103393555
2021-08-17,123.48716735839844,54.96245193481445
2021-08-18,122.11614990234375,54.06254196166992
2021-08-19,123.87065124511719,54.78683090209961
2021-08-20,121.953125,53.72648620605469
2021-08-23,126.0661849975586,55.46651840209961
2021-08-24,126.01825714111328,55.58803176879883
2021-08-25,127.57427978515625,55.890846252441406
2021-08-26,127.25733184814453,55.566192626953125
2021-08-27,131.15696716308594,57.86725997924805
2021-08-30,130.67674255371094,57.715370178222656
2021-08-31,129.79306030273438,57.41444778442383
2021-09-01,128.1890106201172,56.936012268066406
2021-09-02,129.139892578125,57.15624237060547
2021-09-03,130.4653778076172,57.97357177734375
2021-09-07,131.09933471679688,56.310428619384766
2021-09-08,128.28504943847656,55.39436721801758
2021-09-09,129.66818237304688,56.35030746459961
2021-09-10,131.4354705810547,56.7774772644043
2021-09-13,133.93284606933594,57.789405822753906
2021-09-14,134.6051483154297,57.28913116455078
2021-09-15,135.65211486816406,58.04856491088867
2021-09-16,138.39913940429688,58.46150207519531
2021-09-17,135.2390899658203,57.8093376159668
2021-09-20,130.17726135253906,55.99906921386719
2021-09-21,129.841064453125,55.64878463745117
2021-09-22,132.64573669433594,57.061309814453125
2021-09-23,135.53683471679688,58.14919662475586
2021-09-24,136.31484985351562,58.1415901184082
2021-09-27,137.1024627685547,58.68305969238281
2021-09-28,127.6415023803711,55.76161575317383
2021-09-29,123.2039794921875,54.00492858886719
2021-09-30,123.64579010009766,54.1609992980957
2021-10-01,124.03003692626953,54.2161865234375
2021-10-04,120.25521850585938,52.35198211669922
2021-10-05,123.01189422607422,52.900115966796875
2021-10-06,121.5230941772461,52.5032844543457
2021-10-07,122.8293685913086,52.89250946044922
2021-10-08,121.23494720458984,52.353885650634766
2021-10-11,122.46438598632812,52.57086181640625
2021-10-12,121.75360870361328,52.032249450683594
2021-10-13,123.14635467529297,51.80670928955078
2021-10-14,126.8538818359375,54.0449104309082
2021-10-15,126.39283752441406,53.71565246582031
2021-10-18,128.01614379882812,54.1181755065918
2021-10-19,129.28396606445312,54.32087326049805
2021-10-20,128.6884765625,53.813655853271484
2021-10-21,128.07371520996094,52.85443115234375
2021-10-22,130.56143188476562,52.98004913330078
2021-10-25,130.3981475830078,52.526123046875
2021-10-26,126.78667449951172,52.237796783447266
2021-10-27,126.94035339355469,52.68314743041992
2021-10-28,130.6479034423828,53.856483459472656
2021-10-29,131.2529754638672,53.62999725341797
2021-11-01,134.0000457763672,54.50453186035156
2021-11-02,135.63290405273438,54.64537811279297
2021-11-03,137.1121063232422,55.32672119140625
2021-11-04,144.2006072998047,56.97586441040039
2021-11-05,147.23577880859375,58.12160873413086
2021-11-08,146.91885375976562,57.95983123779297
2021-11-09,150.11732482910156,59.18170928955078
2021-11-10,144.45994567871094,57.646751403808594
2021-11-11,147.82171630859375,58.40044021606445
2021-11-12,150.6264190673828,59.42055130004883
2021-11-15,150.09811401367188,59.97631072998047
2021-11-16,151.62533569335938,60.3569450378418
2021-11-17,149.81956481933594,60.01150894165039
2021-11-18,152.47055053710938,60.50349044799805
2021-11-19,144.10459899902344,61.33138656616211
2021-11-22,141.72250366210938,61.54075241088867
2021-11-23,143.03839111328125,62.9320068359375
2021-11-24,143.35586547851562,62.88157653808594
2021-11-26,137.8529510498047,61.09158706665039
2021-11-29,145.48202514648438,64.76101684570312
2021-11-30,141.60498046875,64.69535064697266
2021-12-01,145.9149627685547,65.9971694946289
2021-12-02,140.9314727783203,62.95104217529297
2021-12-03,140.29656982421875,62.946292877197266
2021-12-06,141.78773498535156,63.52579879760742
2021-12-07,150.93685913085938,67.19807434082031
2021-12-08,151.32171630859375,67.94795989990234
2021-12-09,146.8577423095703,66.55477142333984
2021-12-10,146.93470764160156,67.18000793457031
2021-12-13,141.51834106445312,65.18257904052734
2021-12-14,142.12445068359375,64.77629089355469
2021-12-15,147.8294677734375,66.50249481201172
2021-12-16,141.13356018066406,64.02001953125
2021-12-17,140.60443115234375,63.81878662109375
2021-12-20,139.5076446533203,63.047237396240234
2021-12-21,145.67440795898438,65.14441680908203
2021-12-22,146.54029846191406,65.92168426513672
2021-12-23,149.58999633789062,66.63695526123047
2021-12-27,156.54568481445312,68.99068450927734
2021-12-28,153.58253479003906,68.29450988769531
2021-12-29,154.87167358398438,69.31019592285156
2021-12-30,151.9855499267578,68.5071792602539
2021-12-31,151.3890380859375,68.58538055419922
2022-01-03,153.8615264892578,69.1871566772461
2022-01-04,152.35110473632812,67.90347290039062
2022-01-05,147.90640258789062,65.97795867919922
2022-01-06,150.40773010253906,66.9411849975586
2022-01-07,145.08758544921875,63.83021545410156
2022-01-10,143.9138641357422,63.3533821105957
2022-01-11,146.6653594970703,64.20408630371094
2022-01-12,153.49595642089844,65.45437622070312
2022-01-13,151.2158660888672,65.4972915649414
2022-01-14,160.6632537841797,69.60297393798828
2022-01-18,146.57875061035156,64.75723266601562
2022-01-19,137.64129638671875,61.29719924926758
2022-01-20,133.8700408935547,59.097957611083984
2022-01-21,129.93521118164062,57.77422332763672
2022-01-24,134.00469970703125,59.303001403808594
2022-01-25,127.9437484741211,56.09952926635742
2022-01-26,130.43545532226562,56.904449462890625
2022-01-27,125.21150207519531,52.958980560302734
2022-01-28,127.42424774169922,53.515953063964844
2022-01-31,132.93682861328125,56.26070785522461
2022-02-01,133.3505096435547,56.2177848815918
2022-02-02,135.41888427734375,58.34453582763672
2022-02-03,131.33018493652344,56.15007781982422
2022-02-04,130.42587280273438,55.22593688964844
2022-02-07,130.96461486816406,54.49159240722656
2022-02-08,133.4851837158203,54.960811614990234
2022-02-09,138.72837829589844,57.93158721923828
2022-02-10,134.46649169921875,56.732784271240234
2022-02-11,127.4627456665039,53.406280517578125
2022-02-14,126.85659790039062,53.24032974243164
2022-02-15,134.5338134765625,56.63264846801758
2022-02-16,135.61134338378906,56.40852355957031
2022-02-17,131.2917022705078,55.372798919677734
2022-02-18,128.29006958007812,54.35997772216797
2022-02-22,125.54328155517578,53.380523681640625
2022-02-23,123.23018646240234,51.72776794433594
2022-02-24,128.58885192871094,53.68190002441406
2022-02-25,130.80557250976562,54.66611862182617
2022-02-28,129.3406219482422,53.53597640991211
2022-03-01,124.91682434082031,51.554195404052734
2022-03-02,128.35752868652344,52.836917877197266
2022-03-03,125.90953063964844,51.8345832824707
2022-03-04,121.18695068359375,50.14366912841797
2022-03-07,114.90304565429688,46.650264739990234
2022-03-08,119.65452575683594,46.76660919189453
2022-03-09,123.9626693725586,49.33588790893555
2022-03-10,120.44485473632812,47.40559005737305
2022-03-11,119.16301727294922,46.100929260253906
2022-03-14,115.78009796142578,44.72855758666992
2022-03-15,119.90511322021484,46.37609100341797
2022-03-16,125.75531768798828,49.224369049072266
2022-03-17,127.21063995361328,50.356224060058594
2022-03-18,130.24656677246094,52.109004974365234
2022-03-21,129.3406219482422,51.364646911621094
2022-03-22,130.5742645263672,52.31182861328125
2022-03-23,126.66128540039062,50.80302810668945
2022-03-24,133.5716552734375,53.216941833496094
2022-03-25,132.09707641601562,53.082984924316406
2022-03-28,132.6753692626953,53.32121658325195
2022-03-29,136.31846618652344,54.4329719543457
2022-03-30,130.8826904296875,52.48405838012695
2022-03-31,127.02753448486328,51.436397552490234
2022-04-01,122.7964859008789,50.272979736328125
2022-04-04,124.75297546386719,51.23931121826172
2022-04-05,117.3028793334961,48.186279296875
2022-04-06,115.00907897949219,47.662933349609375
2022-04-07,117.9678955078125,48.15758514404297
2022-04-08,115.61624145507812,47.03818130493164
2022-04-11,112.03095245361328,45.51884078979492
2022-04-12,110.4117660522461,44.680721282958984
2022-04-13,112.62850952148438,45.21746063232422
2022-04-14,109.25523376464844,43.64358901977539
2022-04-18,110.71056365966797,45.02037048339844
2022-04-19,112.8212661743164,45.84700012207031
2022-04-20,113.62120819091797,46.0632438659668
2022-04-21,111.5008773803711,44.920867919921875
2022-04-22,108.71551513671875,44.310455322265625
2022-04-25,110.3250503540039,45.58198547363281
2022-04-26,104.97599792480469,43.7450065612793
2022-04-27,104.87000274658203,43.70290756225586
2022-04-28,110.47925567626953,46.354095458984375
2022-04-29,106.3542251586914,44.56208038330078
2022-05-02,108.8793716430664,45.85944366455078
2022-05-03,109.67930603027344,46.44020462036133
2022-05-04,114.50788879394531,48.40442657470703
2022-05-05,109.36125183105469,46.0507926940918
2022-05-06,108.4263687133789,45.755157470703125
2022-05-09,101.92079162597656,42.78154754638672
2022-05-10,103.29901885986328,43.92678451538086
2022-05-11,100.15705871582031,42.78632736206055
2022-05-12,102.89422607421875,44.0521240234375
2022-05-13,107.8095474243164,47.06495666503906
2022-05-16,106.47953033447266,46.160823822021484
2022-05-17,112.60922241210938,49.0119743347168
2022-05-18,107.3083724975586,45.68339538574219
2022-05-19,106.73011016845703,45.171539306640625
2022-05-20,102.60506439208984,45.3619270324707
2022-05-23,105.9494400024414,46.240238189697266
2022-05-24,102.7303695678711,45.060546875
2022-05-25,104.85591125488281,46.64973068237305
2022-05-26,111.17451477050781,48.71920394897461
2022-05-27,115.43521118164062,50.80588912963867
2022-05-31,113.31935119628906,49.754417419433594
2022-06-01,110.58516693115234,48.39198684692383
2022-06-02,113.35798645019531,50.06727600097656
2022-06-03,111.06822204589844,49.17557144165039
2022-06-06,111.10687255859375,49.39371871948242
2022-06-07,111.75418090820312,50.08068084716797
2022-06-08,108.6528549194336,48.99857711791992
2022-06-09,103.60958862304688,47.21134567260742
2022-06-10,98.43103790283203,45.38967514038086
2022-06-13,93.05926513671875,42.77485275268555
2022-06-14,93.3490982055664,43.17708206176758
2022-06-15,94.12200927734375,43.548587799072266
2022-06-16,86.55709838867188,40.1560173034668
2022-06-17,86.7889633178711,40.26737976074219
2022-06-21,91.94816589355469,41.5710334777832
2022-06-22,90.75981903076172,40.859683990478516
2022-06-23,90.12216186523438,40.71088790893555
2022-06-24,94.06404113769531,43.217403411865234
2022-06-27,94.30558776855469,43.17899703979492
2022-06-28,91.80325317382812,42.0721435546875
2022-06-29,88.82754516601562,40.99600601196289
2022-06-30,87.90003204345703,40.909603118896484
2022-07-01,83.34947204589844,37.90294647216797
2022-07-05,83.08861541748047,37.32119369506836
2022-07-06,83.6296615600586,37.60150909423828
2022-07-07,87.67781829833984,39.82770538330078
2022-07-08,88.10291290283203,39.850746154785156
2022-07-11,85.61993408203125,38.630611419677734
2022-07-12,85.72621154785156,38.962764739990234
2022-07-13,86.06433868408203,39.552188873291016
2022-07-14,88.56666564941406,40.25394058227539
2022-07-15,91.27188110351562,41.00367736816406
2022-07-18,89.98690795898438,40.62257385253906
2022-07-19,94.90460205078125,42.90540313720703
2022-07-20,98.76917266845703,44.64873123168945
2022-07-21,100.3246841430664,45.70759201049805
2022-07-22,98.22813415527344,44.54216766357422
2022-07-25,97.580810546875,43.91434860229492
2022-07-26,95.56156921386719,42.93323516845703
2022-07-27,99.95755767822266,44.89448547363281
2022-07-28,101.5999984741211,46.55333709716797
2022-07-29,102.3922348022461,48.04801940917969
2022-08-01,102.7979965209961,48.26786804199219
2022-08-02,101.43573760986328,48.25345230102539
2022-08-03,105.31964874267578,50.3692512512207
2022-08-04,107.30026245117188,51.05660629272461
2022-08-05,105.90900421142578,49.916160583496094
2022-08-08,104.17962646484375,48.914886474609375
2022-08-09,96.28619384765625,45.0615234375
2022-08-10,101.49372100830078,47.5142707824707
2022-08-11,101.95746612548828,47.75522994995117
2022-08-12,106.64326477050781,49.78367233276367
2022-08-15,106.06359100341797,49.65887451171875
2022-08-16,104.8172607421875,48.99360656738281
2022-08-17,102.41155242919922,47.764835357666016
2022-08-18,104.60469818115234,48.30146026611328
2022-08-19,101.08792877197266,45.77095031738281
2022-08-22,97.39725494384766,43.92586898803711
2022-08-23,98.47931671142578,44.540245056152344
2022-08-24,98.29530334472656,44.448097229003906
2022-08-25,101.70484161376953,45.90534591674805
2022-08-26,95.69940185546875,43.51692199707031
2022-08-29,93.51032257080078,42.675010681152344
2022-08-30,91.5537109375,42.4964599609375
2022-08-31,91.11785125732422,42.038543701171875
2022-09-01,88.92877197265625,41.475032806396484
2022-09-02,88.37665557861328,41.29935073852539
2022-09-06,87.45646667480469,40.96816635131836
2022-09-07,89.05469512939453,41.4712028503418
2022-09-08,90.84664154052734,42.158538818359375
2022-09-09,93.48126983642578,43.2740364074707
2022-09-12,93.2778549194336,42.9399528503418
2022-09-13,87.5533218383789,40.52156448364258
2022-09-14,87.79548645019531,40.644920349121094
2022-09-15,86.12945556640625,39.84313201904297
2022-09-16,86.0810317993164,39.436439514160156
2022-09-19,86.90434265136719,39.436439514160156
2022-09-20,85.35457611083984,38.87557601928711
2022-09-21,84.35688781738281,38.41781234741211
2022-09-22,82.37122344970703,37.278724670410156
2022-09-23,81.64476776123047,36.67448806762695
2022-09-26,80.33714294433594,35.795597076416016
2022-09-27,81.50917053222656,36.30249786376953
2022-09-28,83.30110168457031,36.77952575683594
2022-09-29,81.77067565917969,35.70982360839844
2022-09-30,79.35882568359375,35.271331787109375
2022-10-03,83.54325103759766,37.55337905883789
2022-10-04,86.60408020019531,38.60862350463867
2022-10-05,86.42005920410156,38.53923797607422
2022-10-06,85.35457611083984,38.316619873046875
2022-10-07,80.00778198242188,36.12324905395508
2022-10-10,76.70481872558594,33.798805236816406
2022-10-11,73.90550994873047,31.517742156982422
2022-10-12,73.62462615966797,31.221881866455078
2022-10-13,76.92760467529297,32.82451248168945
2022-10-14,72.47196197509766,30.35166358947754
2022-10-17,72.0748291015625,30.396953582763672
2022-10-18,72.86910247802734,31.036849975585938
2022-10-19,74.83540344238281,31.809738159179688
2022-10-20,76.19145202636719,34.29511260986328
2022-10-21,79.83345794677734,35.58839797973633
2022-10-24,82.27437591552734,36.03844451904297
2022-10-25,84.78308868408203,36.607025146484375
2022-10-26,85.37393951416016,37.160186767578125
2022-10-27,83.82415771484375,37.49843978881836
2022-10-28,86.90434265136719,39.08662033081055
2022-10-31,85.51923370361328,39.00856018066406
2022-11-01,86.97216033935547,39.77277374267578
2022-11-02,85.005859375,38.11617660522461
2022-11-03,83.59168243408203,37.91379928588867
2022-11-04,88.82221221923828,40.43098068237305
2022-11-07,92.05741119384766,41.91796875
2022-11-08,94.40145111083984,42.87105941772461
2022-11-09,91.41810607910156,41.70305252075195
2022-11-10,101.50141143798828,46.77885055541992
2022-11-11,107.0613021850586,48.263912200927734
2022-11-14,104.23291778564453,46.324947357177734
2022-11-15,106.99346923828125,47.292510986328125
2022-11-16,100.9493179321289,43.88486099243164
2022-11-17,101.1720962524414,44.44188690185547
2022-11-18,101.41424560546875,44.01206970214844
2022-11-21,101.8404312133789,43.380855560302734
2022-11-22,103.68080139160156,43.907997131347656
2022-11-23,104.54498291015625,44.46501922607422
2022-11-25,102.74867248535156,43.679603576660156
2022-11-28,100.46688842773438,42.7139778137207
2022-11-29,100.2532730102539,42.60026168823242
2022-11-30,106.4189682006836,45.523162841796875
2022-12-01,103.90412902832031,44.632694244384766
2022-12-02,103.61283874511719,44.10555648803711
2022-12-05,103.34095001220703,43.6169548034668
2022-12-06,101.67089080810547,42.70048904418945
2022-12-07,103.03025817871094,42.81516647338867
2022-12-08,105.45769500732422,43.84825134277344
2022-12-09,104.22455596923828,43.385677337646484
2022-12-12,106.19564056396484,44.744483947753906
2022-12-13,108.6230697631836,46.03727722167969
2022-12-14,106.45780944824219,45.29246520996094
2022-12-15,101.52523803710938,43.147003173828125
2022-12-16,101.6903076171875,42.94000244140625
2022-12-19,100.97178649902344,42.43411636352539
2022-12-20,100.49600982666016,42.30546569824219
2022-12-21,102.82635498046875,43.322086334228516
2022-12-22,94.76725006103516,39.57286834716797
2022-12-23,94.39828491210938,39.864017486572266
2022-12-27,92.57284545898438,39.21979904174805
2022-12-28,91.49506378173828,38.96250915527344
2022-12-29,94.32060241699219,40.68525314331055
2022-12-30,94.55363464355469,40.65525817871094
2023-01-03,93.9225082397461,40.07489013671875
2023-01-04,96.4276123046875,40.864200592041016
2023-01-05,95.07796478271484,40.341861724853516
2023-01-06,101.24365997314453,43.07059860229492
2023-01-09,103.39920806884766,43.763179779052734
2023-01-10,104.90423583984375,44.360958099365234
2023-01-11,106.86561584472656,44.91134262084961
2023-01-12,107.00153350830078,45.46657943725586
2023-01-13,106.77822875976562,45.81769561767578
2023-01-17,106.23448181152344,45.5584716796875
2023-01-18,106.51605987548828,45.161869049072266
2023-01-19,103.07880401611328,43.90439987182617
2023-01-20,106.46751403808594,45.70452880859375
2023-01-23,110.84661102294922,47.47274398803711
2023-01-24,109.7105712890625,47.15546798706055
2023-01-25,110.64270782470703,47.24251937866211
2023-01-26,112.22541046142578,48.146942138671875
2023-01-27,109.23479461669922,46.70857238769531
2023-01-30,105.05960845947266,46.29747009277344
2023-01-31,108.25410461425781,48.374244689941406
2023-02-01,115.55583953857422,51.29159927368164
2023-02-02,120.65348052978516,52.33434295654297
2023-02-03,116.49771118164062,51.19390106201172
2023-02-06,114.27416229248047,50.39105987548828
2023-02-07,117.02201843261719,51.57986068725586
2023-02-08,112.58465576171875,50.09699630737305
2023-02-09,112.71087646484375,49.865814208984375
2023-02-10,111.43889617919922,48.84822082519531
2023-02-13,113.1478042602539,49.35991668701172
2023-02-14,115.00240325927734,49.93256378173828
2023-02-15,115.99279022216797,50.327213287353516
2023-02-16,112.0409164428711,48.493221282958984
2023-02-17,112.0894775390625,47.94477081298828
2023-02-21,108.0501937866211,46.26458740234375
2023-02-22,107.4565200805664,46.16301727294922
2023-02-23,109.88963317871094,46.95039367675781
2023-02-24,108.33244323730469,46.295536041259766
2023-02-27,109.07210540771484,46.6921272277832
2023-02-28,113.04298400878906,47.01133728027344
2023-03-01,114.12328338623047,47.48627853393555
2023-03-02,115.28143310546875,47.395355224609375
2023-03-03,115.7778091430664,47.5568962097168
2023-03-06,115.3690414428711,46.93491744995117
2023-03-07,113.25708770751953,46.3971061706543
2023-03-08,115.47608947753906,47.72616958618164
2023-03-09,113.90916442871094,47.424373626708984
2023-03-10,111.3300552368164,46.31586456298828
2023-03-13,112.74125671386719,46.13980484008789
2023-03-14,117.12088012695312,47.955692291259766
2023-03-15,115.3106460571289,47.28293228149414
2023-03-16,119.54428100585938,50.014766693115234
2023-03-17,119.32042694091797,49.35171127319336
2023-03-20,120.721923828125,49.83031463623047
2023-03-21,117.17927551269531,49.25462341308594
2023-03-22,115.68048858642578,49.15171432495117
2023-03-23,119.49562072753906,50.83023452758789
2023-03-24,116.33255767822266,48.74009704589844
2023-03-27,115.69021606445312,48.12946319580078
2023-03-28,113.28628540039062,47.091678619384766
2023-03-29,116.64398956298828,50.069129943847656
2023-03-30,118.84355163574219,51.58454895019531
2023-03-31,119.54428100585938,51.464168548583984
2023-04-03,119.04792785644531,50.62831115722656
2023-04-04,116.90677642822266,48.95659637451172
2023-04-05,114.18168640136719,47.90715408325195
2023-04-06,111.38843536376953,47.93724822998047
2023-04-10,113.38359832763672,49.26432800292969
2023-04-11,113.26681518554688,49.269187927246094
2023-04-12,110.1329574584961,48.255672454833984
2023-04-13,110.43466186523438,48.379940032958984
2023-04-14,109.87992858886719,48.62166213989258
2023-04-17,108.79959106445312,47.82754898071289
2023-04-18,108.29350280761719,48.09063720703125
2023-04-19,107.38838958740234,47.668331146240234
2023-04-20,111.3300552368164,51.114688873291016
2023-04-21,110.42493438720703,50.20893096923828
2023-04-24,110.57090759277344,49.93613052368164
2023-04-25,107.65116882324219,48.512939453125
2023-04-26,107.35918426513672,48.2877082824707
2023-04-27,108.69255065917969,50.373958587646484
2023-04-28,110.00642395019531,50.8778076171875
2023-05-01,109.9285659790039,50.85353469848633
2023-05-02,109.15971374511719,50.66423034667969
2023-05-03,110.25948333740234,49.952640533447266
2023-05-04,109.44194793701172,49.72837448120117
2023-05-05,112.95538330078125,51.42922592163086
2023-05-08,112.6536865234375,51.14089584350586
2023-05-09,110.79476928710938,50.071067810058594
2023-05-10,112.3227767944336,51.190406799316406
2023-05-11,112.37144470214844,51.207881927490234
2023-05-12,112.98458099365234,51.17098617553711
2023-05-15,117.87029266357422,53.614501953125
2023-05-16,117.68537902832031,54.26105499267578
2023-05-17,122.33751678466797,55.7347297668457
2023-05-18,126.44461822509766,58.125816345214844
2023-05-19,123.55406951904297,57.16666793823242
2023-05-22,123.1647720336914,56.79873275756836
2023-05-23,121.15988159179688,55.674537658691406
2023-05-24,118.77902221679688,54.93479919433594
2023-05-25,127.30717468261719,58.452003479003906
2023-05-26,132.76162719726562,60.990657806396484
2023-05-30,133.25929260253906,61.15665817260742
2023-05-31,130.06858825683594,59.869380950927734
2023-06-01,131.56146240234375,60.176151275634766
2023-06-02,131.36631774902344,59.57522201538086
2023-06-05,130.48812866210938,58.79276657104492
2023-06-06,130.6930389404297,59.432525634765625
2023-06-07,131.73712158203125,59.29465866088867
2023-06-08,132.89825439453125,59.65968322753906
2023-06-09,132.8201904296875,58.88789749145508
2023-06-12,136.6158905029297,60.92075729370117
2023-06-13,138.3527374267578,60.89495849609375
2023-06-14,137.74774169921875,61.332054138183594
2023-06-15,136.7134552001953,60.452999114990234
2023-06-16,135.56204223632812,59.6401481628418
2023-06-20,135.16204833984375,59.798828125
2023-06-21,133.3568572998047,58.973323822021484
2023-06-22,135.55233764648438,60.342994689941406
2023-06-23,132.7714080810547,59.26145935058594
2023-06-26,136.41098022460938,60.387779235839844
2023-06-27,142.99734497070312,63.19432067871094
2023-06-28,140.53846740722656,62.51482391357422
2023-06-29,140.7335968017578,62.337650299072266
2023-06-30,141.0360565185547,62.581024169921875
2023-07-03,141.9435272216797,63.372467041015625
2023-07-05,138.8113250732422,61.19089889526367
2023-07-06,136.97691345214844,60.452999114990234
2023-07-07,136.18658447265625,60.14830017089844
2023-07-10,137.15255737304688,61.09939193725586
2023-07-11,134.22528076171875,60.299198150634766
2023-07-12,135.52304077148438,60.60875701904297
2023-07-13,139.19187927246094,62.13711929321289
2023-07-14,139.27972412109375,62.16242599487305
2023-07-17,141.97279357910156,64.25637817382812
2023-07-18,141.0067901611328,63.85433578491211
2023-07-19,138.34298706054688,62.313316345214844
2023-07-20,130.79058837890625,59.919532775878906
2023-07-21,133.0934295654297,60.709022521972656
2023-07-24,134.9961395263672,62.20817947387695
2023-07-25,136.66464233398438,63.29944610595703
2023-07-26,135.64990234375,62.533321380615234
2023-07-27,142.5972900390625,68.33332061767578
2023-07-28,148.24691772460938,70.21309661865234
2023-07-31,147.91517639160156,69.94344329833984
2023-08-01,148.92996215820312,69.69131469726562
2023-08-02,143.75843811035156,66.7689208984375
2023-08-03,144.226806640625,67.49708557128906
2023-08-04,142.12893676757812,67.21478271484375
2023-08-07,146.7344970703125,68.66525268554688
2023-08-08,144.4219512939453,67.75409698486328
2023-08-09,141.6410369873047,66.78548431396484
2023-08-10,141.1043701171875,66.81857299804688
2023-08-11,135.46449279785156,63.46784591674805
2023-08-14,138.4503173828125,64.95046997070312
2023-08-15,136.6842041015625,63.8436279296875
2023-08-16,134.8985595703125,62.91493225097656
2023-08-17,134.2545623779297,63.13591003417969
2023-08-18,139.20162963867188,63.56229782104492
2023-08-21,145.16354370117188,65.14906311035156
2023-08-22,144.26583862304688,64.91348266601562
2023-08-23,144.7254180908203,66.01058959960938
2023-08-24,139.36666870117188,63.85334396362305
2023-08-25,141.1659698486328,64.27584075927734
2023-08-28,142.20249938964844,64.86481475830078
2023-08-29,146.66163635253906,66.64918518066406
2023-08-30,147.6101531982422,66.83221435546875
2023-08-31,149.38009643554688,68.37712097167969
2023-09-01,150.58290100097656,68.33428192138672
2023-09-05,150.21131896972656,68.21843719482422
2023-09-06,149.79080200195312,67.77745819091797
2023-09-07,144.95034790039062,65.87525939941406
2023-09-08,144.2658233642578,65.114013671875
2023-09-11,143.46397399902344,64.6078109741211
2023-09-12,140.7846221923828,63.73097229003906
2023-09-13,141.381103515625,64.31292724609375
2023-09-14,141.37132263183594,64.09517669677734
2023-09-15,135.191162109375,60.84175491333008
2023-09-18,137.16644287109375,62.06618118286133
2023-09-19,134.6631317138672,61.04093551635742
2023-09-20,133.9394989013672,60.42677307128906
2023-09-21,132.19888305664062,59.59975051879883
2023-09-22,133.15716552734375,60.45117950439453
2023-09-25,133.56787109375,60.59568786621094
2023-09-26,131.11343383789062,59.17109680175781
2023-09-27,132.0717315673828,59.94442367553711
2023-09-28,135.1618194580078,61.27234649658203
2023-09-29,135.38671875,61.199119567871094
2023-10-02,136.4232635498047,61.60042953491211
2023-10-03,133.6950225830078,60.35354232788086
2023-10-04,136.2179412841797,61.74689483642578
2023-10-05,136.19834899902344,61.10733413696289
2023-10-06,137.18601989746094,61.32996368408203
2023-10-09,137.0491180419922,61.2889518737793
2023-10-10,138.27145385742188,61.94218063354492
2023-10-11,139.03421020507812,62.65983963012695
2023-10-12,141.79177856445312,63.95165252685547
2023-10-13,138.01722717285156,62.990848541259766
2023-10-16,137.88031005859375,63.53569030761719
2023-10-17,139.56227111816406,63.46247863769531
2023-10-18,138.3203582763672,62.70964050292969
2023-10-19,131.45567321777344,58.775638580322266
2023-10-20,131.15252685546875,58.61941909790039
2023-10-23,131.2600860595703,58.54423522949219
2023-10-24,131.91525268554688,58.97776412963867
2023-10-25,127.23123931884766,56.958526611328125
2023-10-26,127.94512176513672,57.133304595947266
2023-10-27,128.3949432373047,57.02492141723633
2023-10-30,128.13088989257812,56.974143981933594
2023-10-31,129.42169189453125,57.435020446777344
2023-11-01,132.29664611816406,59.23553466796875
2023-11-02,135.44537353515625,60.858341217041016
2023-11-03,136.65794372558594,61.91288375854492
2023-11-06,137.25448608398438,62.39816665649414
2023-11-07,138.60394287109375,62.61395263671875
2023-11-08,141.03884887695312,63.23106002807617
2023-11-09,140.00230407714844,63.492740631103516
2023-11-10,147.34613037109375,66.92681121826172
2023-11-13,146.42694091796875,65.75509643554688
2023-11-14,150.67092895507812,67.8534164428711
2023-11-15,151.93235778808594,68.1444091796875
2023-11-16,151.38478088378906,68.39241790771484
2023-11-17,145.3023681640625,68.38265228271484
2023-11-20,149.19435119628906,70.21929168701172
2023-11-21,145.94778442382812,69.06906127929688
2023-11-22,146.48675537109375,70.05426788330078
2023-11-24,147.32952880859375,70.05818939208984
2023-11-27,147.79013061523438,70.54151916503906
2023-11-28,145.09519958496094,69.36395263671875
2023-11-29,146.36917114257812,69.71546173095703
2023-11-30,146.78074645996094,69.9039077758789
2023-12-01,148.55450439453125,70.50538635253906
2023-12-04,145.30099487304688,69.33173370361328
2023-12-05,143.2234649658203,68.0701904296875
2023-12-06,141.8024444580078,67.8485336303711
2023-12-07,145.4185791015625,69.13351440429688
2023-12-08,144.76202392578125,68.65897369384766
2023-12-11,152.03341674804688,71.82453155517578
2023-12-12,154.07177734375,71.59444427490234
2023-12-13,153.84637451171875,71.92830657958984
2023-12-14,158.50123596191406,75.1162109375
2023-12-15,158.70704650878906,75.7320556640625
2023-12-18,157.1488800048828,75.38154602050781
2023-12-19,159.0794677734375,76.46733093261719
2023-12-20,153.77777099609375,73.91390228271484
2023-12-21,158.1582794189453,76.06690216064453
2023-12-22,158.8050537109375,76.36748504638672
2023-12-26,160.99041748046875,77.90658569335938
2023-12-27,160.92181396484375,77.83021545410156
2023-12-28,159.85362243652344,77.31521606445312
2023-12-29,158.82464599609375,76.6876220703125
2024-01-02,151.27882385253906,73.3626708984375
2024-01-03,148.41734313964844,72.15154266357422
2024-01-04,146.32017517089844,71.57878875732422
2024-01-05,146.01637268066406,71.70801544189453
2024-01-08,148.52511596679688,74.1322250366211
2024-01-09,148.0057373046875,73.62899017333984
2024-01-10,146.81016540527344,73.40084838867188
2024-01-11,148.90728759765625,74.42987060546875
2024-01-12,148.2213134765625,74.37796783447266
2024-01-16,150.6810760498047,74.52189636230469
2024-01-17,150.29884338378906,73.71513366699219
2024-01-18,157.12928771972656,76.92163848876953
2024-01-19,164.5771026611328,80.903564453125
2024-01-22,164.92990112304688,81.61045837402344
2024-01-23,163.7049560546875,81.30206298828125
2024-01-24,170.65296936035156,83.04187774658203
2024-01-25,169.17320251464844,84.74939727783203
2024-01-26,163.5579376220703,82.14896392822266
2024-01-29,165.10629272460938,82.81082153320312
2024-01-30,162.9111785888672,81.83076477050781
2024-01-31,161.010009765625,80.79096984863281
2024-02-01,163.62655639648438,81.48023986816406
2024-02-02,164.81228637695312,82.11566162109375
2024-02-05,167.6640167236328,83.35128021240234
2024-02-06,165.32186889648438,81.7162094116211
2024-02-07,167.4778289794922,83.0790786743164
2024-02-08,170.40798950195312,84.62799835205078
2024-02-09,182.11868286132812,89.25122833251953
2024-02-12,181.82467651367188,88.90071868896484
2024-02-13,176.69944763183594,87.39193725585938
2024-02-14,182.461669921875,89.65460205078125
2024-02-15,183.9022216796875,89.46662139892578
2024-02-16,195.5737762451172,90.66598510742188
2024-02-20,185.3525848388672,88.1605224609375
2024-02-21,186.83486938476562,88.30641174316406
2024-02-22,196.06228637695312,92.46066284179688
2024-02-23,193.53944396972656,90.90782165527344
2024-02-26,199.8120880126953,91.9123764038086
2024-02-27,199.13478088378906,91.12615203857422
2024-02-28,193.91246032714844,90.33702087402344
2024-02-29,197.91754150390625,91.8624267578125
2024-03-01,206.38906860351562,96.09990692138672
2024-03-04,205.64303588867188,95.70730590820312
2024-03-05,203.5815887451172,94.29545593261719
2024-03-06,208.27383422851562,96.1322250366211
2024-03-07,208.70574951171875,97.37663269042969
2024-03-08,201.7852020263672,93.66394805908203
2024-03-11,197.67214965820312,91.17218780517578
2024-03-12,201.17657470703125,93.29448699951172
2024-03-13,196.87701416015625,90.9278793334961
2024-03-14,197.0635223388672,90.82681274414062
2024-03-15,195.00209045410156,89.29713439941406
2024-03-18,197.04391479492188,90.78756713867188
2024-03-19,197.64266967773438,91.35370635986328
2024-03-20,201.29437255859375,93.12279510498047
2024-03-21,206.92897033691406,96.4088134765625
2024-03-22,206.38906860351562,95.95057678222656
2024-03-25,204.63192749023438,95.31869506835938
2024-03-26,202.87481689453125,94.90365600585938
2024-03-27,204.18038940429688,94.75059509277344
2024-03-28,202.44285583496094,95.3294906616211
2024-04-01,204.85769653320312,96.332275390625
2024-04-02,202.32508850097656,94.9134750366211
2024-04-03,203.57176208496094,95.99669647216797
2024-04-04,199.655029296875,93.37300109863281
2024-04-05,204.0331573486328,95.03611755371094
2024-04-08,205.2012939453125,94.90660095214844
2024-04-09,206.54612731933594,95.50315856933594
2024-04-10,205.40745544433594,94.35517120361328
2024-04-11,209.06893920898438,96.49808502197266
2024-04-12,204.04295349121094,93.9038314819336
2024-04-15,201.9029998779297,92.83727264404297
2024-04-16,205.63320922851562,94.51118469238281
2024-04-17,196.21932983398438,89.51006317138672
2024-04-18,190.75161743164062,87.21995544433594
2024-04-19,186.28515625,85.3880615234375
2024-04-22,185.98085021972656,85.1741714477539
2024-04-23,189.69143676757812,87.0727767944336
2024-04-24,192.45962524414062,86.82453155517578
2024-04-25,193.87319946289062,88.45135498046875
2024-04-26,199.6452178955078,90.79638671875
2024-04-29,201.49069213867188,91.1339111328125
2024-04-30,195.00209045410156,87.75862884521484
2024-05-01,190.42767333984375,85.17711639404297
2024-05-02,194.27566528320312,86.70580291748047
2024-05-03,200.34219360351562,89.1440658569336
2024-05-06,205.02456665039062,90.7149429321289
2024-05-07,203.5128936767578,89.77005767822266
2024-05-08,203.55213928222656,89.6101303100586
2024-05-09,202.5410614013672,89.04693603515625
2024-05-10,205.8786163330078,89.82009887695312
2024-05-13,202.8355255126953,88.6789779663086
2024-05-14,205.9669647216797,89.53752136230469
2024-05-15,213.4961395263672,92.99229431152344
2024-05-16,210.09967041015625,92.51642608642578
2024-05-17,208.18545532226562,89.49141693115234
2024-05-20,215.91094970703125,92.43204498291016
2024-05-21,215.7637176513672,94.58673095703125
2024-05-22,214.53439331054688,94.76040649414062
2024-05-23,214.3377227783203,94.01077270507812
2024-05-24,217.22898864746094,95.23136138916016
2024-05-28,217.65188598632812,95.299072265625
2024-05-29,215.4195098876953,93.53097534179688
2024-05-30,212.9510955810547,93.28174591064453
2024-05-31,211.5153045654297,91.49009704589844
2024-06-03,210.65972900390625,91.8031005859375
2024-06-04,208.70269775390625,90.53736114501953
2024-06-05,219.6678924560547,95.34420013427734
2024-06-06,218.0747528076172,94.40913391113281
2024-06-07,218.05508422851562,94.46113586425781
2024-06-10,224.3784942626953,98.42024230957031
2024-06-11,226.15853881835938,98.094482421875
2024-06-12,233.7112274169922,101.81123352050781
2024-06-13,233.61288452148438,101.89659118652344
2024-06-14,233.1015167236328,101.64934539794922
2024-06-17,238.8348846435547,105.1541519165039
2024-06-18,243.72250366210938,107.1083984375
2024-06-20,236.012451171875,104.32938385009766
2024-06-21,231.50836181640625,103.25200653076172
2024-06-24,226.03067016601562,100.70301055908203
2024-06-25,230.3872528076172,103.50267028808594
2024-06-26,228.32205200195312,103.7838134765625
2024-06-27,228.67608642578125,103.79069519042969
2024-06-28,232.0787353515625,104.6773910522461
2024-07-01,233.4752197265625,104.26254272460938
2024-07-02,236.86802673339844,105.46086120605469
2024-07-03,239.2774200439453,106.4360122680664
2024-07-05,238.56936645507812,106.93343353271484
2024-07-08,242.2080078125,108.29097747802734
2024-07-09,247.30218505859375,109.36640930175781
2024-07-10,250.74417114257812,110.81637573242188
2024-07-11,237.2613983154297,104.1947250366211
2024-07-12,239.3659210205078,105.16596221923828
2024-07-15,241.48028564453125,105.09616088867188
2024-07-16,241.76548767089844,105.7724838256836
2024-07-17,216.42262268066406,95.12533569335938
2024-07-18,214.04269409179688,93.6429214477539
2024-07-19,206.77517700195312,90.15418243408203
2024-07-22,219.7662353515625,96.04741668701172
2024-07-23,216.0095672607422,94.33989715576172
2024-07-24,203.1070098876953,89.44246673583984
2024-07-25,198.96681213378906,86.91118621826172
2024-07-26,203.04800415039062,87.94532012939453
2024-07-29,202.1629180908203,87.71922302246094
2024-07-30,193.47927856445312,84.03485107421875
2024-07-31,208.6830291748047,90.56017303466797
2024-08-01,193.04656982421875,81.62348175048828
2024-08-02,178.7967071533203,75.0047836303711
2024-08-05,178.87539672851562,75.73123168945312
2024-08-06,180.27186584472656,75.70960998535156
2024-08-07,175.5513916015625,73.53515625
2024-08-08,187.39186096191406,78.55646514892578
2024-08-09,188.0113983154297,79.4185562133789
2024-08-12,189.88975524902344,79.71248626708984
2024-08-13,197.47198486328125,82.6487808227539
2024-08-14,198.28822326660156,83.09803009033203
2024-08-15,208.3191680908203,87.49903106689453
2024-08-16,204.45428466796875,85.63521575927734
2024-08-19,207.44390869140625,86.63199615478516
2024-08-20,202.74313354492188,84.8212661743164
2024-08-21,205.654052734375,85.85049438476562
2024-08-22,197.2592315673828,82.15333557128906
2024-08-23,199.69293212890625,83.29856872558594
2024-08-26,193.34754943847656,80.5008773803711
2024-08-27,192.89430236816406,80.65128326416016
2024-08-28,190.0565948486328,79.1443099975586
2024-08-29,190.1453094482422,78.37852478027344
2024-08-30,194.36239624023438,80.70730590820312
2024-09-03,180.67642211914062,75.27216339111328
2024-09-04,179.7010040283203,75.1463394165039
2024-09-05,177.59243774414062,74.30880737304688
2024-09-06,172.18307495117188,72.1373062133789
2024-09-09,174.94195556640625,72.18448638916016
2024-09-10,175.43460083007812,71.91415405273438
2024-09-11,183.20872497558594,75.38325500488281
2024-09-12,180.518798828125,73.50862121582031
2024-09-13,185.70152282714844,75.66536712646484
2024-09-16,184.82461547851562,74.5594711303711
2024-09-17,185.81976318359375,75.53266906738281
2024-09-18,183.40576171875,74.52989959716797
2024-09-19,193.8205108642578,77.80345153808594
2024-09-20,189.3373260498047,76.2376708984375
2024-09-23,191.18971252441406,77.31143951416016
2024-09-24,193.8894805908203,77.99968719482422
2024-09-25,194.4116973876953,79.25093841552734
2024-09-26,206.53099060058594,83.56475067138672
2024-09-27,201.90989685058594,81.55523681640625
2024-09-30,199.08206176757812,80.4666976928711
2024-10-01,194.3032989501953,78.62284088134766
2024-10-02,198.19529724121094,80.27047729492188
2024-10-03,196.65817260742188,79.97565460205078
2024-10-04,199.00323486328125,80.3996353149414
2024-10-07,197.19027709960938,79.48265075683594
2024-10-08,197.92926025390625,79.8770523071289
2024-10-09,202.0478515625,81.70117950439453
2024-10-10,200.9639892578125,80.91236877441406
2024-10-11,202.0478515625,81.73075866699219
2024-10-14,210.74813842773438,84.50145721435547
2024-10-15,188.21409606933594,75.29207611083984
2024-10-16,181.87850952148438,73.10313415527344
2024-10-17,180.54837036132812,72.11711883544922
2024-10-18,183.62252807617188,71.8213119506836
2024-10-21,181.7504425048828,71.8213119506836
2024-10-22,180.31187438964844,71.97907257080078
2024-10-23,180.0162811279297,71.84103393554688
2024-10-24,181.05087280273438,75.49915313720703
2024-10-25,183.7801971435547,76.5936279296875
2024-10-28,182.6175079345703,74.39481353759766
2024-10-29,187.32728576660156,77.21481323242188
2024-10-30,182.578125,75.38081359863281
2024-10-31,178.91275024414062,73.31018829345703
2024-11-01,180.68630981445312,73.75389862060547
2024-11-04,179.14920043945312,73.13272094726562
2024-11-05,183.7407684326172,75.3315200805664
2024-11-06,184.76548767089844,75.70620727539062
2024-11-07,191.2389678955078,78.10222625732422
2024-11-08,189.20925903320312,77.10635375976562
2024-11-11,185.7902374267578,75.10474395751953
2024-11-12,183.86886596679688,74.64131164550781
2024-11-13,180.10494995117188,72.81717681884766
2024-11-14,183.26783752441406,73.7440414428711
2024-11-15,166.3992919921875,69.07032775878906
2024-11-18,168.22210693359375,69.58305358886719
2024-11-19,166.82296752929688,69.18865966796875
2024-11-20,167.98565673828125,69.07032775878906
2024-11-21,173.57562255859375,72.10725402832031
2024-11-22,172.71636962890625,71.62411499023438
2024-11-25,172.39047241210938,72.67913818359375
2024-11-26,171.05714416503906,71.67340850830078
2024-11-27,169.20042419433594,70.5690689086914
2024-11-29,172.5485076904297,72.84677124023438
2024-12-02,181.00257873535156,77.41202545166016
2024-12-03,180.8939208984375,77.24437713623047
2024-12-04,178.91868591308594,77.16551208496094
2024-12-05,169.90164184570312,74.15815734863281
2024-12-06,170.87939453125,75.51885986328125
2024-12-09,169.73373413085938,76.3668441772461
2024-12-10,166.08941650390625,74.07929229736328
2024-12-11,169.01278686523438,77.37281036376953
2024-12-12,166.98814392089844,74.7518310546875
2024-12-13,167.2548065185547,75.42438507080078
2024-12-16,167.31407165527344,76.97718048095703
2024-12-17,168.23255920410156,76.95738983154297
2024-12-18,163.4030303955078,74.3759994506836
2024-12-19,159.4426727294922,70.42972564697266
2024-12-20,161.5660400390625,71.00336456298828
2024-12-23,165.38816833496094,72.99134063720703
2024-12-24,166.2869110107422,73.02101135253906
2024-12-26,165.47708129882812,73.17925262451172
2024-12-27,164.76597595214844,72.5957260131836
2024-12-30,161.6154327392578,71.35942077636719
